Type-safe project accessors is an incubating feature.
> Task :build-logic:convention:checkKotlinGradlePluginConfigurationErrors SKIPPED
> Task :build-logic:convention:pluginDescriptors
> Task :build-logic:convention:processResources
> Task :build-logic:convention:compileKotlin
> Task :build-logic:convention:compileJava NO-SOURCE
> Task :build-logic:convention:classes
> Task :build-logic:convention:jar

> Configure project :app
WARNING: The option setting 'android.experimental.enableScreenshotTest=true' is experimental.
The current default is 'false'.

> Task :core:navigation:checkKotlinGradlePluginConfigurationErrors SKIPPED
> Task :core:ui:preBuild UP-TO-DATE
> Task :feature:drafts:checkKotlinGradlePluginConfigurationErrors SKIPPED
> Task :feature:suggestions:checkKotlinGradlePluginConfigurationErrors SKIPPED
> Task :feature:about:checkKotlinGradlePluginConfigurationErrors SKIPPED
> Task :feature:intentrouter:checkKotlinGradlePluginConfigurationErrors SKIPPED
> Task :core:designsystem:checkKotlinGradlePluginConfigurationErrors SKIPPED
> Task :feature:login:checkKotlinGradlePluginConfigurationErrors SKIPPED
> Task :core:worker:checkKotlinGradlePluginConfigurationErrors SKIPPED
> Task :feature:lists:checkKotlinGradlePluginConfigurationErrors SKIPPED
> Task :feature:collections:checkKotlinGradlePluginConfigurationErrors SKIPPED
> Task :core:model:checkKotlinGradlePluginConfigurationErrors SKIPPED
> Task :core:activity:checkKotlinGradlePluginConfigurationErrors SKIPPED
> Task :feature:manageaccounts:checkKotlinGradlePluginConfigurationErrors SKIPPED
> Task :core:ui:preOrangeGoogleDebugBuild UP-TO-DATE
> Task :core:markwon:preBuild UP-TO-DATE
> Task :feature:collections:preBuild UP-TO-DATE
> Task :core:navigation:preBuild UP-TO-DATE
> Task :core:preferences:checkKotlinGradlePluginConfigurationErrors SKIPPED
> Task :core:domain:checkKotlinGradlePluginConfigurationErrors SKIPPED
> Task :core:common:checkKotlinGradlePluginConfigurationErrors SKIPPED
> Task :core:data:checkKotlinGradlePluginConfigurationErrors SKIPPED
> Task :core:network:checkKotlinGradlePluginConfigurationErrors SKIPPED
> Task :core:eventhub:checkKotlinGradlePluginConfigurationErrors SKIPPED
> Task :core:database:checkKotlinGradlePluginConfigurationErrors SKIPPED
> Task :core:markwon:preOrangeGoogleDebugBuild UP-TO-DATE
> Task :core:sendstatus:checkKotlinGradlePluginConfigurationErrors SKIPPED
> Task :feature:intentrouter:preBuild UP-TO-DATE
> Task :feature:login:preBuild UP-TO-DATE
> Task :core:designsystem:preBuild UP-TO-DATE
> Task :feature:lists:preBuild UP-TO-DATE
> Task :core:worker:preBuild UP-TO-DATE
> Task :core:data:preBuild UP-TO-DATE
> Task :core:network:preBuild UP-TO-DATE
> Task :core:model:preBuild UP-TO-DATE
> Task :core:activity:preBuild UP-TO-DATE
> Task :core:domain:preBuild UP-TO-DATE
> Task :core:navigation:preOrangeGoogleDebugBuild UP-TO-DATE
> Task :core:model:preOrangeGoogleDebugBuild UP-TO-DATE
> Task :feature:drafts:preBuild UP-TO-DATE
> Task :core:preferences:preBuild UP-TO-DATE
> Task :core:common:preBuild UP-TO-DATE
> Task :core:data:preOrangeGoogleDebugBuild UP-TO-DATE
> Task :core:eventhub:preBuild UP-TO-DATE
> Task :core:common:preOrangeGoogleDebugBuild UP-TO-DATE
> Task :core:database:preBuild UP-TO-DATE
> Task :core:sendstatus:preBuild UP-TO-DATE
> Task :feature:intentrouter:preOrangeGoogleDebugBuild UP-TO-DATE
> Task :core:designsystem:preOrangeGoogleDebugBuild UP-TO-DATE
> Task :core:sendstatus:preOrangeGoogleDebugBuild UP-TO-DATE
> Task :feature:lists:preOrangeGoogleDebugBuild UP-TO-DATE
> Task :core:eventhub:preOrangeGoogleDebugBuild UP-TO-DATE
> Task :feature:manageaccounts:preBuild UP-TO-DATE
> Task :core:network:preOrangeGoogleDebugBuild UP-TO-DATE
> Task :core:activity:preOrangeGoogleDebugBuild UP-TO-DATE
> Task :core:worker:preOrangeGoogleDebugBuild UP-TO-DATE
> Task :feature:collections:preOrangeGoogleDebugBuild UP-TO-DATE
> Task :feature:drafts:preOrangeGoogleDebugBuild UP-TO-DATE
> Task :core:preferences:preOrangeGoogleDebugBuild UP-TO-DATE
> Task :feature:login:preOrangeGoogleDebugBuild UP-TO-DATE
> Task :core:database:preOrangeGoogleDebugBuild UP-TO-DATE
> Task :core:domain:preOrangeGoogleDebugBuild UP-TO-DATE
> Task :feature:manageaccounts:preOrangeGoogleDebugBuild UP-TO-DATE
> Task :feature:about:copyPrivacyPolicy
> Task :feature:about:preBuild
> Task :feature:about:preOrangeGoogleDebugBuild
> Task :core:data:generateOrangeGoogleDebugResValues
> Task :feature:collections:generateOrangeGoogleDebugResValues
> Task :feature:intentrouter:generateOrangeGoogleDebugResValues
> Task :core:network:generateOrangeGoogleDebugResValues
> Task :core:model:generateOrangeGoogleDebugResValues
> Task :core:ui:generateOrangeGoogleDebugResValues
> Task :feature:lists:generateOrangeGoogleDebugResValues
> Task :core:navigation:generateOrangeGoogleDebugResValues
> Task :core:preferences:generateOrangeGoogleDebugResValues
> Task :core:eventhub:generateOrangeGoogleDebugResValues
> Task :core:domain:generateOrangeGoogleDebugResValues
> Task :core:worker:generateOrangeGoogleDebugResValues
> Task :core:sendstatus:generateOrangeGoogleDebugResValues
> Task :feature:manageaccounts:generateOrangeGoogleDebugResValues
> Task :feature:login:generateOrangeGoogleDebugResValues
> Task :core:activity:generateOrangeGoogleDebugResValues
> Task :core:database:generateOrangeGoogleDebugResValues
> Task :core:network:generateOrangeGoogleDebugResources
> Task :core:navigation:generateOrangeGoogleDebugResources
> Task :core:data:generateOrangeGoogleDebugResources
> Task :feature:drafts:generateOrangeGoogleDebugResValues
> Task :feature:intentrouter:generateOrangeGoogleDebugResources
> Task :feature:about:generateOrangeGoogleDebugResValues
> Task :feature:collections:generateOrangeGoogleDebugResources
> Task :core:domain:generateOrangeGoogleDebugResources
> Task :feature:lists:generateOrangeGoogleDebugResources
> Task :core:eventhub:generateOrangeGoogleDebugResources
> Task :core:activity:generateOrangeGoogleDebugResources
> Task :core:worker:generateOrangeGoogleDebugResources
> Task :core:preferences:generateOrangeGoogleDebugResources
> Task :feature:login:generateOrangeGoogleDebugResources
> Task :core:model:generateOrangeGoogleDebugResources
> Task :core:database:generateOrangeGoogleDebugResources
> Task :feature:manageaccounts:generateOrangeGoogleDebugResources
> Task :core:ui:generateOrangeGoogleDebugResources
> Task :core:model:processOrangeGoogleDebugNavigationResources
> Task :core:sendstatus:generateOrangeGoogleDebugResources
> Task :feature:about:generateOrangeGoogleDebugResources
> Task :feature:drafts:generateOrangeGoogleDebugResources
> Task :core:database:processOrangeGoogleDebugNavigationResources
> Task :core:activity:processOrangeGoogleDebugNavigationResources
> Task :core:preferences:processOrangeGoogleDebugNavigationResources
> Task :core:domain:processOrangeGoogleDebugNavigationResources
> Task :core:ui:processOrangeGoogleDebugNavigationResources
> Task :feature:login:processOrangeGoogleDebugNavigationResources
> Task :feature:manageaccounts:processOrangeGoogleDebugNavigationResources
> Task :core:sendstatus:processOrangeGoogleDebugNavigationResources
> Task :core:ui:checkKotlinGradlePluginConfigurationErrors SKIPPED
> Task :core:preferences:dataBindingTriggerOrangeGoogleDebug
> Task :core:model:dataBindingTriggerOrangeGoogleDebug
> Task :feature:login:dataBindingTriggerOrangeGoogleDebug
> Task :core:database:dataBindingTriggerOrangeGoogleDebug
> Task :feature:manageaccounts:dataBindingTriggerOrangeGoogleDebug
> Task :core:sendstatus:dataBindingTriggerOrangeGoogleDebug
> Task :core:activity:dataBindingTriggerOrangeGoogleDebug
> Task :core:domain:dataBindingTriggerOrangeGoogleDebug
> Task :feature:drafts:processOrangeGoogleDebugNavigationResources
> Task :core:ui:dataBindingTriggerOrangeGoogleDebug
> Task :core:model:generateOrangeGoogleDebugBuildConfig
> Task :feature:login:generateOrangeGoogleDebugBuildConfig
> Task :core:preferences:generateOrangeGoogleDebugBuildConfig
> Task :core:database:generateOrangeGoogleDebugBuildConfig
> Task :core:sendstatus:generateOrangeGoogleDebugBuildConfig
> Task :core:domain:generateOrangeGoogleDebugBuildConfig
> Task :feature:manageaccounts:generateOrangeGoogleDebugBuildConfig
> Task :feature:drafts:dataBindingTriggerOrangeGoogleDebug
> Task :core:ui:generateOrangeGoogleDebugBuildConfig
> Task :core:activity:generateOrangeGoogleDebugBuildConfig
> Task :core:eventhub:packageOrangeGoogleDebugResources
> Task :core:navigation:packageOrangeGoogleDebugResources
> Task :core:navigation:processOrangeGoogleDebugNavigationResources
> Task :feature:drafts:generateOrangeGoogleDebugBuildConfig
> Task :core:eventhub:processOrangeGoogleDebugNavigationResources
> Task :core:navigation:parseOrangeGoogleDebugLocalResources
> Task :core:eventhub:dataBindingTriggerOrangeGoogleDebug
> Task :core:eventhub:parseOrangeGoogleDebugLocalResources
> Task :core:navigation:dataBindingTriggerOrangeGoogleDebug
> Task :core:eventhub:generateOrangeGoogleDebugBuildConfig
> Task :core:worker:packageOrangeGoogleDebugResources
> Task :core:eventhub:generateOrangeGoogleDebugRFile
> Task :core:worker:processOrangeGoogleDebugNavigationResources
> Task :core:data:packageOrangeGoogleDebugResources
> Task :core:network:packageOrangeGoogleDebugResources
> Task :core:network:processOrangeGoogleDebugNavigationResources
> Task :core:data:processOrangeGoogleDebugNavigationResources
> Task :feature:collections:packageOrangeGoogleDebugResources
> Task :core:navigation:generateActivityClassNameConstants
> Task :core:network:dataBindingTriggerOrangeGoogleDebug
> Task :core:data:dataBindingTriggerOrangeGoogleDebug
> Task :core:network:generateOrangeGoogleDebugBuildConfig
> Task :core:data:generateOrangeGoogleDebugBuildConfig
> Task :feature:intentrouter:packageOrangeGoogleDebugResources
> Task :core:navigation:generateOrangeGoogleDebugBuildConfig
> Task :core:network:parseOrangeGoogleDebugLocalResources
> Task :core:data:parseOrangeGoogleDebugLocalResources
> Task :core:navigation:generateOrangeGoogleDebugRFile
> Task :core:worker:parseOrangeGoogleDebugLocalResources
> Task :feature:collections:processOrangeGoogleDebugNavigationResources
> Task :core:worker:dataBindingTriggerOrangeGoogleDebug
> Task :feature:intentrouter:processOrangeGoogleDebugNavigationResources
> Task :core:activity:packageOrangeGoogleDebugResources
> Task :core:worker:generateOrangeGoogleDebugBuildConfig
> Task :core:navigation:javaPreCompileOrangeGoogleDebug
> Task :core:worker:generateOrangeGoogleDebugRFile
> Task :feature:drafts:packageOrangeGoogleDebugResources
> Task :feature:collections:parseOrangeGoogleDebugLocalResources
> Task :feature:collections:dataBindingTriggerOrangeGoogleDebug
> Task :feature:collections:generateOrangeGoogleDebugBuildConfig
> Task :feature:intentrouter:parseOrangeGoogleDebugLocalResources
> Task :core:activity:parseOrangeGoogleDebugLocalResources
> Task :feature:intentrouter:dataBindingTriggerOrangeGoogleDebug
> Task :feature:lists:packageOrangeGoogleDebugResources
> Task :feature:collections:generateOrangeGoogleDebugRFile
> Task :feature:intentrouter:generateOrangeGoogleDebugBuildConfig
> Task :feature:lists:processOrangeGoogleDebugNavigationResources
> Task :feature:drafts:parseOrangeGoogleDebugLocalResources
> Task :feature:suggestions:preBuild UP-TO-DATE
> Task :feature:lists:dataBindingTriggerOrangeGoogleDebug
> Task :feature:intentrouter:generateOrangeGoogleDebugRFile
> Task :feature:lists:generateOrangeGoogleDebugBuildConfig
> Task :feature:lists:parseOrangeGoogleDebugLocalResources
> Task :feature:suggestions:preOrangeGoogleDebugBuild UP-TO-DATE
> Task :feature:suggestions:generateOrangeGoogleDebugResValues
> Task :feature:suggestions:generateOrangeGoogleDebugResources
> Task :feature:suggestions:packageOrangeGoogleDebugResources
> Task :core:domain:javaPreCompileOrangeGoogleDebug
> Task :feature:lists:javaPreCompileOrangeGoogleDebug
> Task :feature:intentrouter:javaPreCompileOrangeGoogleDebug
> Task :feature:collections:javaPreCompileOrangeGoogleDebug
> Task :core:model:javaPreCompileOrangeGoogleDebug
> Task :core:network:javaPreCompileOrangeGoogleDebug
> Task :core:eventhub:javaPreCompileOrangeGoogleDebug
> Task :core:sendstatus:javaPreCompileOrangeGoogleDebug
> Task :feature:drafts:javaPreCompileOrangeGoogleDebug
> Task :core:preferences:javaPreCompileOrangeGoogleDebug
> Task :core:ui:javaPreCompileOrangeGoogleDebug
> Task :feature:manageaccounts:javaPreCompileOrangeGoogleDebug
> Task :feature:login:javaPreCompileOrangeGoogleDebug
> Task :feature:suggestions:processOrangeGoogleDebugNavigationResources
> Task :core:data:javaPreCompileOrangeGoogleDebug
> Task :core:network:generateOrangeGoogleDebugRFile
> Task :core:domain:packageOrangeGoogleDebugResources
> Task :core:navigation:writeOrangeGoogleDebugAarMetadata
> Task :core:eventhub:writeOrangeGoogleDebugAarMetadata
> Task :feature:lists:generateOrangeGoogleDebugRFile
> Task :core:data:generateOrangeGoogleDebugRFile
> Task :core:network:writeOrangeGoogleDebugAarMetadata
> Task :core:data:writeOrangeGoogleDebugAarMetadata
> Task :feature:suggestions:dataBindingTriggerOrangeGoogleDebug
> Task :feature:drafts:writeOrangeGoogleDebugAarMetadata
> Task :feature:collections:writeOrangeGoogleDebugAarMetadata
> Task :core:activity:writeOrangeGoogleDebugAarMetadata
> Task :core:domain:writeOrangeGoogleDebugAarMetadata
> Task :core:activity:javaPreCompileOrangeGoogleDebug
> Task :core:activity:extractDeepLinksOrangeGoogleDebug
> Task :feature:suggestions:generateOrangeGoogleDebugBuildConfig
> Task :core:data:extractDeepLinksOrangeGoogleDebug
> Task :core:domain:extractDeepLinksOrangeGoogleDebug
> Task :feature:drafts:generateOrangeGoogleDebugRFile
> Task :feature:intentrouter:writeOrangeGoogleDebugAarMetadata
> Task :feature:lists:writeOrangeGoogleDebugAarMetadata
> Task :core:eventhub:extractDeepLinksOrangeGoogleDebug
> Task :core:navigation:extractDeepLinksOrangeGoogleDebug
> Task :core:network:extractDeepLinksOrangeGoogleDebug
> Task :core:activity:generateOrangeGoogleDebugRFile
> Task :core:domain:parseOrangeGoogleDebugLocalResources
> Task :feature:collections:extractDeepLinksOrangeGoogleDebug
> Task :core:model:packageOrangeGoogleDebugResources
> Task :core:data:processOrangeGoogleDebugManifest
> Task :feature:suggestions:javaPreCompileOrangeGoogleDebug
> Task :core:navigation:processOrangeGoogleDebugManifest
> Task :core:activity:processOrangeGoogleDebugManifest
> Task :core:eventhub:processOrangeGoogleDebugManifest
> Task :feature:suggestions:writeOrangeGoogleDebugAarMetadata
> Task :feature:suggestions:parseOrangeGoogleDebugLocalResources
> Task :core:domain:processOrangeGoogleDebugManifest
> Task :feature:drafts:extractDeepLinksOrangeGoogleDebug
> Task :core:network:processOrangeGoogleDebugManifest
> Task :feature:intentrouter:extractDeepLinksOrangeGoogleDebug
> Task :feature:suggestions:extractDeepLinksOrangeGoogleDebug
> Task :feature:lists:extractDeepLinksOrangeGoogleDebug
> Task :core:model:writeOrangeGoogleDebugAarMetadata
> Task :feature:collections:processOrangeGoogleDebugManifest
> Task :feature:lists:processOrangeGoogleDebugManifest
> Task :feature:drafts:processOrangeGoogleDebugManifest
> Task :core:model:extractDeepLinksOrangeGoogleDebug
> Task :feature:intentrouter:processOrangeGoogleDebugManifest
> Task :core:domain:generateOrangeGoogleDebugRFile
> Task :core:navigation:generateOrangeGoogleDebugAssets UP-TO-DATE
> Task :core:eventhub:generateOrangeGoogleDebugAssets UP-TO-DATE
> Task :core:network:generateOrangeGoogleDebugAssets UP-TO-DATE
> Task :feature:collections:generateOrangeGoogleDebugAssets UP-TO-DATE
> Task :feature:suggestions:generateOrangeGoogleDebugRFile
> Task :feature:drafts:generateOrangeGoogleDebugAssets UP-TO-DATE
> Task :core:model:parseOrangeGoogleDebugLocalResources
> Task :feature:collections:mergeOrangeGoogleDebugAssets
> Task :feature:intentrouter:generateOrangeGoogleDebugAssets UP-TO-DATE
> Task :feature:lists:generateOrangeGoogleDebugAssets UP-TO-DATE
> Task :core:navigation:mergeOrangeGoogleDebugAssets
> Task :core:network:mergeOrangeGoogleDebugAssets
> Task :core:eventhub:mergeOrangeGoogleDebugAssets
> Task :feature:suggestions:generateOrangeGoogleDebugAssets UP-TO-DATE
> Task :feature:suggestions:processOrangeGoogleDebugManifest
> Task :feature:lists:mergeOrangeGoogleDebugAssets
> Task :feature:intentrouter:mergeOrangeGoogleDebugAssets
> Task :feature:drafts:mergeOrangeGoogleDebugAssets
> Task :core:model:processOrangeGoogleDebugManifest
> Task :core:model:generateOrangeGoogleDebugAssets UP-TO-DATE
> Task :core:navigation:mergeOrangeGoogleDebugJniLibFolders
> Task :core:network:mergeOrangeGoogleDebugJniLibFolders
> Task :core:navigation:mergeOrangeGoogleDebugNativeLibs NO-SOURCE
> Task :feature:collections:mergeOrangeGoogleDebugJniLibFolders
> Task :feature:drafts:mergeOrangeGoogleDebugJniLibFolders
> Task :core:network:mergeOrangeGoogleDebugNativeLibs NO-SOURCE
> Task :feature:collections:mergeOrangeGoogleDebugNativeLibs NO-SOURCE
> Task :core:eventhub:mergeOrangeGoogleDebugJniLibFolders
> Task :core:model:mergeOrangeGoogleDebugAssets
> Task :feature:suggestions:mergeOrangeGoogleDebugAssets
> Task :feature:drafts:mergeOrangeGoogleDebugNativeLibs NO-SOURCE
> Task :core:navigation:copyOrangeGoogleDebugJniLibsProjectOnly
> Task :core:eventhub:mergeOrangeGoogleDebugNativeLibs NO-SOURCE
> Task :feature:drafts:copyOrangeGoogleDebugJniLibsProjectOnly
> Task :feature:collections:copyOrangeGoogleDebugJniLibsProjectOnly
> Task :core:network:copyOrangeGoogleDebugJniLibsProjectOnly
> Task :core:navigation:stripOrangeGoogleDebugDebugSymbols NO-SOURCE
> Task :core:eventhub:copyOrangeGoogleDebugJniLibsProjectOnly
> Task :core:eventhub:stripOrangeGoogleDebugDebugSymbols NO-SOURCE
> Task :core:model:mergeOrangeGoogleDebugJniLibFolders
> Task :core:network:stripOrangeGoogleDebugDebugSymbols NO-SOURCE
> Task :core:model:mergeOrangeGoogleDebugNativeLibs NO-SOURCE
> Task :core:model:generateOrangeGoogleDebugRFile
> Task :feature:manageaccounts:packageOrangeGoogleDebugResources
> Task :core:network:copyOrangeGoogleDebugJniLibsProjectAndLocalJars
> Task :core:eventhub:copyOrangeGoogleDebugJniLibsProjectAndLocalJars
> Task :feature:lists:mergeOrangeGoogleDebugJniLibFolders
> Task :core:navigation:copyOrangeGoogleDebugJniLibsProjectAndLocalJars
> Task :feature:lists:mergeOrangeGoogleDebugNativeLibs NO-SOURCE
> Task :feature:suggestions:mergeOrangeGoogleDebugJniLibFolders
> Task :feature:intentrouter:mergeOrangeGoogleDebugJniLibFolders
> Task :core:model:copyOrangeGoogleDebugJniLibsProjectOnly
> Task :feature:suggestions:mergeOrangeGoogleDebugNativeLibs NO-SOURCE
> Task :feature:intentrouter:mergeOrangeGoogleDebugNativeLibs NO-SOURCE
> Task :core:model:stripOrangeGoogleDebugDebugSymbols NO-SOURCE
> Task :core:eventhub:extractDeepLinksForAarOrangeGoogleDebug
> Task :core:network-test:preBuild UP-TO-DATE
> Task :core:network-test:preOrangeGoogleDebugBuild UP-TO-DATE
> Task :core:network-test:checkKotlinGradlePluginConfigurationErrors SKIPPED
> Task :feature:lists:copyOrangeGoogleDebugJniLibsProjectOnly
> Task :core:model:copyOrangeGoogleDebugJniLibsProjectAndLocalJars
> Task :feature:intentrouter:copyOrangeGoogleDebugJniLibsProjectOnly
> Task :core:network:extractDeepLinksForAarOrangeGoogleDebug
> Task :core:eventhub:prepareLintJarForPublish
> Task :feature:suggestions:copyOrangeGoogleDebugJniLibsProjectOnly
> Task :feature:collections:stripOrangeGoogleDebugDebugSymbols NO-SOURCE
> Task :core:testing:preBuild UP-TO-DATE
> Task :core:testing:preOrangeGoogleDebugBuild UP-TO-DATE
> Task :core:testing:checkKotlinGradlePluginConfigurationErrors SKIPPED
> Task :core:model:extractDeepLinksForAarOrangeGoogleDebug
> Task :feature:collections:copyOrangeGoogleDebugJniLibsProjectAndLocalJars
> Task :core:network-test:generateOrangeGoogleDebugResValues
> Task :core:network:prepareLintJarForPublish
> Task :feature:manageaccounts:writeOrangeGoogleDebugAarMetadata
> Task :core:eventhub:prepareOrangeGoogleDebugArtProfile
> Task :feature:collections:extractDeepLinksForAarOrangeGoogleDebug
> Task :feature:drafts:stripOrangeGoogleDebugDebugSymbols NO-SOURCE
> Task :core:model:prepareLintJarForPublish
> Task :core:network:prepareOrangeGoogleDebugArtProfile
> Task :feature:manageaccounts:extractDeepLinksOrangeGoogleDebug
> Task :core:testing:generateOrangeGoogleDebugResValues
> Task :feature:intentrouter:stripOrangeGoogleDebugDebugSymbols NO-SOURCE
> Task :feature:drafts:copyOrangeGoogleDebugJniLibsProjectAndLocalJars
> Task :feature:collections:prepareLintJarForPublish
> Task :core:model:prepareOrangeGoogleDebugArtProfile
> Task :feature:drafts:extractDeepLinksForAarOrangeGoogleDebug
> Task :feature:collections:prepareOrangeGoogleDebugArtProfile
> Task :feature:intentrouter:copyOrangeGoogleDebugJniLibsProjectAndLocalJars
> Task :feature:lists:stripOrangeGoogleDebugDebugSymbols NO-SOURCE
> Task :feature:suggestions:stripOrangeGoogleDebugDebugSymbols NO-SOURCE
> Task :core:testing:generateOrangeGoogleDebugResources
> Task :feature:intentrouter:extractDeepLinksForAarOrangeGoogleDebug
> Task :feature:suggestions:copyOrangeGoogleDebugJniLibsProjectAndLocalJars
> Task :feature:lists:copyOrangeGoogleDebugJniLibsProjectAndLocalJars
> Task :feature:drafts:prepareLintJarForPublish
> Task :core:testing:processOrangeGoogleDebugNavigationResources
> Task :feature:drafts:prepareOrangeGoogleDebugArtProfile
> Task :core:network-test:generateOrangeGoogleDebugResources
> Task :feature:suggestions:extractDeepLinksForAarOrangeGoogleDebug
> Task :core:network-test:processOrangeGoogleDebugNavigationResources
> Task :core:testing:dataBindingTriggerOrangeGoogleDebug
> Task :feature:lists:extractDeepLinksForAarOrangeGoogleDebug
> Task :feature:manageaccounts:generateOrangeGoogleDebugAssets UP-TO-DATE
> Task :core:domain:compileOrangeGoogleDebugLibraryResources
> Task :feature:intentrouter:prepareOrangeGoogleDebugArtProfile
> Task :core:testing:generateOrangeGoogleDebugBuildConfig
> Task :feature:manageaccounts:processOrangeGoogleDebugManifest
> Task :core:network-test:dataBindingTriggerOrangeGoogleDebug
> Task :core:activity:generateOrangeGoogleDebugAssets UP-TO-DATE
> Task :core:domain:generateOrangeGoogleDebugAssets UP-TO-DATE
> Task :core:activity:mergeOrangeGoogleDebugAssets
> Task :core:network-test:generateOrangeGoogleDebugBuildConfig
> Task :feature:manageaccounts:mergeOrangeGoogleDebugAssets
> Task :core:navigation:compileOrangeGoogleDebugLibraryResources
> Task :core:eventhub:compileOrangeGoogleDebugLibraryResources
> Task :feature:manageaccounts:mergeOrangeGoogleDebugJniLibFolders
> Task :core:data:generateOrangeGoogleDebugAssets UP-TO-DATE
> Task :core:sendstatus:packageOrangeGoogleDebugResources
> Task :feature:manageaccounts:parseOrangeGoogleDebugLocalResources
> Task :core:data:mergeOrangeGoogleDebugAssets
> Task :core:activity:mergeOrangeGoogleDebugJniLibFolders
> Task :core:domain:mergeOrangeGoogleDebugAssets
> Task :core:activity:mergeOrangeGoogleDebugNativeLibs NO-SOURCE
> Task :feature:intentrouter:prepareLintJarForPublish
> Task :feature:suggestions:prepareLintJarForPublish
> Task :core:activity:copyOrangeGoogleDebugJniLibsProjectOnly
> Task :core:data:mergeOrangeGoogleDebugJniLibFolders
> Task :feature:manageaccounts:mergeOrangeGoogleDebugNativeLibs NO-SOURCE
> Task :core:data:mergeOrangeGoogleDebugNativeLibs NO-SOURCE
> Task :core:network:compileOrangeGoogleDebugLibraryResources
> Task :feature:manageaccounts:copyOrangeGoogleDebugJniLibsProjectOnly
> Task :core:sendstatus:writeOrangeGoogleDebugAarMetadata
> Task :core:activity:stripOrangeGoogleDebugDebugSymbols NO-SOURCE
> Task :core:domain:mergeOrangeGoogleDebugJniLibFolders
> Task :core:domain:mergeOrangeGoogleDebugNativeLibs NO-SOURCE
> Task :core:data:compileOrangeGoogleDebugLibraryResources
> Task :core:sendstatus:parseOrangeGoogleDebugLocalResources
> Task :core:sendstatus:extractDeepLinksOrangeGoogleDebug
> Task :core:data:copyOrangeGoogleDebugJniLibsProjectOnly
> Task :core:data:stripOrangeGoogleDebugDebugSymbols NO-SOURCE
> Task :core:model:compileOrangeGoogleDebugLibraryResources
> Task :core:activity:compileOrangeGoogleDebugLibraryResources
> Task :core:domain:copyOrangeGoogleDebugJniLibsProjectOnly
> Task :core:activity:copyOrangeGoogleDebugJniLibsProjectAndLocalJars
> Task :feature:manageaccounts:generateOrangeGoogleDebugRFile
> Task :core:activity:extractDeepLinksForAarOrangeGoogleDebug
> Task :core:data:copyOrangeGoogleDebugJniLibsProjectAndLocalJars
> Task :core:domain:stripOrangeGoogleDebugDebugSymbols NO-SOURCE
> Task :core:navigation:extractDeepLinksForAarOrangeGoogleDebug
> Task :core:data:extractDeepLinksForAarOrangeGoogleDebug
> Task :core:activity:prepareLintJarForPublish
> Task :core:activity:prepareOrangeGoogleDebugArtProfile
> Task :core:sendstatus:generateOrangeGoogleDebugAssets UP-TO-DATE
> Task :core:domain:copyOrangeGoogleDebugJniLibsProjectAndLocalJars
> Task :core:domain:extractDeepLinksForAarOrangeGoogleDebug
> Task :core:sendstatus:processOrangeGoogleDebugManifest
> Task :core:navigation:prepareLintJarForPublish
> Task :core:data:prepareOrangeGoogleDebugArtProfile
> Task :feature:intentrouter:compileOrangeGoogleDebugLibraryResources
> Task :core:domain:prepareLintJarForPublish
> Task :core:navigation:prepareOrangeGoogleDebugArtProfile
> Task :feature:manageaccounts:compileOrangeGoogleDebugLibraryResources
> Task :feature:manageaccounts:stripOrangeGoogleDebugDebugSymbols NO-SOURCE
> Task :core:domain:prepareOrangeGoogleDebugArtProfile
> Task :core:network-test:javaPreCompileOrangeGoogleDebug
> Task :core:sendstatus:generateOrangeGoogleDebugRFile
> Task :feature:drafts:compileOrangeGoogleDebugLibraryResources
> Task :core:data:prepareLintJarForPublish
> Task :feature:lists:prepareLintJarForPublish
> Task :feature:lists:prepareOrangeGoogleDebugArtProfile
> Task :feature:manageaccounts:copyOrangeGoogleDebugJniLibsProjectAndLocalJars
> Task :feature:suggestions:prepareOrangeGoogleDebugArtProfile
> Task :core:sendstatus:mergeOrangeGoogleDebugAssets
> Task :core:network-test:mergeOrangeGoogleDebugJniLibFolders
> Task :feature:manageaccounts:extractDeepLinksForAarOrangeGoogleDebug
> Task :feature:lists:compileOrangeGoogleDebugLibraryResources
> Task :feature:collections:compileOrangeGoogleDebugLibraryResources
> Task :feature:suggestions:compileOrangeGoogleDebugLibraryResources
> Task :core:sendstatus:compileOrangeGoogleDebugLibraryResources
> Task :feature:manageaccounts:prepareLintJarForPublish
> Task :feature:manageaccounts:prepareOrangeGoogleDebugArtProfile
> Task :core:sendstatus:mergeOrangeGoogleDebugJniLibFolders
> Task :core:sendstatus:mergeOrangeGoogleDebugNativeLibs NO-SOURCE
> Task :core:sendstatus:stripOrangeGoogleDebugDebugSymbols NO-SOURCE
> Task :core:sendstatus:copyOrangeGoogleDebugJniLibsProjectOnly
> Task :core:sendstatus:copyOrangeGoogleDebugJniLibsProjectAndLocalJars
> Task :core:sendstatus:extractDeepLinksForAarOrangeGoogleDebug
> Task :core:network-test:packageOrangeGoogleDebugResources
> Task :core:worker:writeOrangeGoogleDebugAarMetadata
> Task :core:sendstatus:prepareLintJarForPublish
> Task :core:sendstatus:prepareOrangeGoogleDebugArtProfile
> Task :core:worker:extractDeepLinksOrangeGoogleDebug
> Task :core:network-test:mergeOrangeGoogleDebugNativeLibs NO-SOURCE
> Task :core:network-test:stripOrangeGoogleDebugDebugSymbols NO-SOURCE
> Task :feature:login:packageOrangeGoogleDebugResources
> Task :core:network-test:copyOrangeGoogleDebugJniLibsProjectAndLocalJars
> Task :core:network-test:extractDeepLinksForAarOrangeGoogleDebug
> Task :core:network-test:generateOrangeGoogleDebugAssets UP-TO-DATE
> Task :core:worker:processOrangeGoogleDebugManifest
> Task :core:worker:generateOrangeGoogleDebugAssets UP-TO-DATE
> Task :core:worker:compileOrangeGoogleDebugLibraryResources
> Task :core:network-test:parseOrangeGoogleDebugLocalResources
> Task :feature:login:writeOrangeGoogleDebugAarMetadata
> Task :core:network-test:mergeOrangeGoogleDebugAssets
> Task :core:worker:mergeOrangeGoogleDebugAssets
> Task :feature:login:extractDeepLinksOrangeGoogleDebug
> Task :core:network-test:prepareLintJarForPublish
> Task :core:worker:mergeOrangeGoogleDebugJniLibFolders
> Task :core:worker:mergeOrangeGoogleDebugNativeLibs NO-SOURCE
> Task :feature:login:parseOrangeGoogleDebugLocalResources
> Task :core:worker:stripOrangeGoogleDebugDebugSymbols NO-SOURCE
> Task :core:worker:copyOrangeGoogleDebugJniLibsProjectOnly
> Task :core:network-test:prepareOrangeGoogleDebugArtProfile
> Task :core:network-test:generateOrangeGoogleDebugRFile
> Task :core:worker:copyOrangeGoogleDebugJniLibsProjectAndLocalJars
> Task :feature:login:processOrangeGoogleDebugManifest
> Task :core:worker:extractDeepLinksForAarOrangeGoogleDebug
> Task :core:worker:prepareLintJarForPublish
> Task :core:network-test:processOrangeGoogleDebugManifest
> Task :feature:login:generateOrangeGoogleDebugAssets UP-TO-DATE
> Task :core:network-test:writeOrangeGoogleDebugAarMetadata
> Task :core:worker:prepareOrangeGoogleDebugArtProfile
> Task :feature:login:generateOrangeGoogleDebugRFile
> Task :feature:login:mergeOrangeGoogleDebugAssets
> Task :feature:login:compileOrangeGoogleDebugLibraryResources
> Task :feature:login:mergeOrangeGoogleDebugJniLibFolders
> Task :core:preferences:packageOrangeGoogleDebugResources
> Task :feature:login:mergeOrangeGoogleDebugNativeLibs NO-SOURCE
> Task :core:worker:javaPreCompileOrangeGoogleDebug
> Task :feature:login:stripOrangeGoogleDebugDebugSymbols NO-SOURCE
> Task :feature:login:copyOrangeGoogleDebugJniLibsProjectOnly
> Task :feature:login:copyOrangeGoogleDebugJniLibsProjectAndLocalJars
> Task :feature:login:extractDeepLinksForAarOrangeGoogleDebug
> Task :core:preferences:writeOrangeGoogleDebugAarMetadata
> Task :core:preferences:extractDeepLinksOrangeGoogleDebug
> Task :feature:login:prepareLintJarForPublish
> Task :feature:login:prepareOrangeGoogleDebugArtProfile
> Task :core:preferences:generateOrangeGoogleDebugAssets UP-TO-DATE
> Task :core:preferences:processOrangeGoogleDebugManifest
> Task :core:preferences:compileOrangeGoogleDebugLibraryResources
> Task :core:preferences:parseOrangeGoogleDebugLocalResources
> Task :core:preferences:mergeOrangeGoogleDebugAssets
> Task :core:preferences:generateOrangeGoogleDebugRFile
> Task :core:preferences:mergeOrangeGoogleDebugJniLibFolders
> Task :core:preferences:mergeOrangeGoogleDebugNativeLibs NO-SOURCE
> Task :core:preferences:stripOrangeGoogleDebugDebugSymbols NO-SOURCE
> Task :core:preferences:copyOrangeGoogleDebugJniLibsProjectOnly
> Task :core:preferences:copyOrangeGoogleDebugJniLibsProjectAndLocalJars
> Task :core:preferences:extractDeepLinksForAarOrangeGoogleDebug
> Task :core:preferences:prepareLintJarForPublish
> Task :core:preferences:prepareOrangeGoogleDebugArtProfile
> Task :core:testing:packageOrangeGoogleDebugResources
> Task :core:database:packageOrangeGoogleDebugResources
> Task :core:testing:mergeOrangeGoogleDebugJniLibFolders
> Task :core:testing:parseOrangeGoogleDebugLocalResources
> Task :core:testing:mergeOrangeGoogleDebugNativeLibs NO-SOURCE
> Task :core:database:writeOrangeGoogleDebugAarMetadata
> Task :core:database:extractDeepLinksOrangeGoogleDebug
> Task :core:database:parseOrangeGoogleDebugLocalResources
> Task :core:testing:stripOrangeGoogleDebugDebugSymbols NO-SOURCE
> Task :core:testing:copyOrangeGoogleDebugJniLibsProjectAndLocalJars
> Task :core:testing:generateOrangeGoogleDebugRFile
> Task :core:database:processOrangeGoogleDebugManifest
> Task :core:testing:extractDeepLinksForAarOrangeGoogleDebug
> Task :core:testing:generateOrangeGoogleDebugAssets UP-TO-DATE
> Task :core:database:generateOrangeGoogleDebugAssets UP-TO-DATE
> Task :core:database:compileOrangeGoogleDebugLibraryResources
> Task :core:database:generateOrangeGoogleDebugRFile
> Task :core:testing:mergeOrangeGoogleDebugAssets
> Task :core:database:mergeOrangeGoogleDebugAssets
> Task :core:database:javaPreCompileOrangeGoogleDebug
> Task :core:testing:javaPreCompileOrangeGoogleDebug
> Task :core:testing:prepareLintJarForPublish
> Task :core:database:mergeOrangeGoogleDebugJniLibFolders
> Task :core:testing:prepareOrangeGoogleDebugArtProfile
> Task :core:database:mergeOrangeGoogleDebugNativeLibs NO-SOURCE
> Task :core:database:stripOrangeGoogleDebugDebugSymbols NO-SOURCE
> Task :core:database:copyOrangeGoogleDebugJniLibsProjectOnly
> Task :core:database:copyOrangeGoogleDebugJniLibsProjectAndLocalJars
> Task :core:testing:processOrangeGoogleDebugManifest
> Task :core:database:extractDeepLinksForAarOrangeGoogleDebug
> Task :core:database:prepareLintJarForPublish
> Task :core:testing:writeOrangeGoogleDebugAarMetadata
> Task :core:database:prepareOrangeGoogleDebugArtProfile
> Task :core:ui:packageOrangeGoogleDebugResources
> Task :core:ui:writeOrangeGoogleDebugAarMetadata
> Task :core:ui:extractDeepLinksOrangeGoogleDebug
> Task :core:ui:processOrangeGoogleDebugManifest
> Task :core:ui:generateOrangeGoogleDebugAssets UP-TO-DATE
> Task :core:ui:mergeOrangeGoogleDebugAssets
> Task :core:ui:parseOrangeGoogleDebugLocalResources
> Task :core:ui:compileOrangeGoogleDebugLibraryResources
> Task :core:ui:mergeOrangeGoogleDebugJniLibFolders
> Task :core:ui:generateOrangeGoogleDebugRFile
> Task :core:ui:mergeOrangeGoogleDebugNativeLibs NO-SOURCE
> Task :core:ui:copyOrangeGoogleDebugJniLibsProjectOnly
> Task :core:ui:stripOrangeGoogleDebugDebugSymbols NO-SOURCE
> Task :core:ui:copyOrangeGoogleDebugJniLibsProjectAndLocalJars
> Task :core:ui:extractDeepLinksForAarOrangeGoogleDebug
> Task :core:ui:prepareLintJarForPublish
> Task :core:ui:prepareOrangeGoogleDebugArtProfile
> Task :core:common:dataBindingMergeDependencyArtifactsOrangeGoogleDebug
> Task :core:common:generateOrangeGoogleDebugResValues
> Task :core:markwon:dataBindingMergeDependencyArtifactsOrangeGoogleDebug
> Task :core:common:generateOrangeGoogleDebugResources
> Task :core:markwon:generateOrangeGoogleDebugResValues
> Task :core:markwon:generateOrangeGoogleDebugResources
> Task :core:markwon:packageOrangeGoogleDebugResources
> Task :core:markwon:processOrangeGoogleDebugNavigationResources
> Task :core:markwon:checkKotlinGradlePluginConfigurationErrors SKIPPED
> Task :core:markwon:dataBindingTriggerOrangeGoogleDebug
> Task :core:markwon:parseOrangeGoogleDebugLocalResources
> Task :core:markwon:generateOrangeGoogleDebugBuildConfig
> Task :core:common:packageOrangeGoogleDebugResources
> Task :core:common:processOrangeGoogleDebugNavigationResources
> Task :core:common:dataBindingTriggerOrangeGoogleDebug
> Task :core:common:generateOrangeGoogleDebugBuildConfig
> Task :core:common:parseOrangeGoogleDebugLocalResources
> Task :core:common:javaPreCompileOrangeGoogleDebug
> Task :core:markwon:dataBindingGenBaseClassesOrangeGoogleDebug
> Task :core:common:dataBindingGenBaseClassesOrangeGoogleDebug
> Task :core:common:writeOrangeGoogleDebugAarMetadata
> Task :core:markwon:generateOrangeGoogleDebugRFile
> Task :core:common:generateOrangeGoogleDebugRFile
> Task :core:common:extractDeepLinksOrangeGoogleDebug
> Task :core:markwon:javaPreCompileOrangeGoogleDebug
> Task :core:eventhub:checkOrangeGoogleDebugAarMetadata
> Task :core:model:checkOrangeGoogleDebugAarMetadata
> Task :core:markwon:writeOrangeGoogleDebugAarMetadata
> Task :core:markwon:extractDeepLinksOrangeGoogleDebug
> Task :core:markwon:generateOrangeGoogleDebugAssets UP-TO-DATE
> Task :core:markwon:processOrangeGoogleDebugManifest
> Task :core:markwon:compileOrangeGoogleDebugLibraryResources
> Task :core:markwon:mergeOrangeGoogleDebugAssets
> Task :core:markwon:mergeOrangeGoogleDebugJniLibFolders
> Task :core:markwon:mergeOrangeGoogleDebugNativeLibs NO-SOURCE
> Task :core:markwon:copyOrangeGoogleDebugJniLibsProjectOnly
> Task :core:markwon:stripOrangeGoogleDebugDebugSymbols NO-SOURCE
> Task :core:markwon:copyOrangeGoogleDebugJniLibsProjectAndLocalJars
> Task :core:markwon:extractDeepLinksForAarOrangeGoogleDebug
> Task :core:markwon:prepareLintJarForPublish
> Task :core:markwon:prepareOrangeGoogleDebugArtProfile
> Task :core:common:processOrangeGoogleDebugManifest
> Task :core:common:generateOrangeGoogleDebugAssets UP-TO-DATE
> Task :core:common:mergeOrangeGoogleDebugAssets
> Task :core:common:mergeOrangeGoogleDebugJniLibFolders
> Task :core:common:mergeOrangeGoogleDebugNativeLibs NO-SOURCE
> Task :core:markwon:checkOrangeGoogleDebugAarMetadata
> Task :core:common:stripOrangeGoogleDebugDebugSymbols NO-SOURCE
> Task :core:common:copyOrangeGoogleDebugJniLibsProjectOnly
> Task :core:common:extractDeepLinksForAarOrangeGoogleDebug
> Task :core:common:copyOrangeGoogleDebugJniLibsProjectAndLocalJars
> Task :core:common:checkOrangeGoogleDebugAarMetadata
> Task :core:common:prepareLintJarForPublish
> Task :core:common:prepareOrangeGoogleDebugArtProfile
> Task :core:common:compileOrangeGoogleDebugLibraryResources
> Task :app:preBuild UP-TO-DATE
> Task :app:preOrangeGoogleDebugBuild UP-TO-DATE
> Task :app:mergeOrangeGoogleDebugNativeDebugMetadata NO-SOURCE
> Task :app:checkKotlinGradlePluginConfigurationErrors SKIPPED
> Task :core:designsystem:dataBindingMergeDependencyArtifactsOrangeGoogleDebug
> Task :app:generateOrangeGoogleDebugResValues
> Task :core:designsystem:generateOrangeGoogleDebugResValues
> Task :app:generateOrangeGoogleDebugResources
> Task :core:designsystem:generateOrangeGoogleDebugResources
> Task :core:designsystem:packageOrangeGoogleDebugResources
> Task :core:designsystem:processOrangeGoogleDebugNavigationResources
> Task :core:designsystem:dataBindingTriggerOrangeGoogleDebug
> Task :core:designsystem:generateOrangeGoogleDebugBuildConfig
> Task :core:designsystem:parseOrangeGoogleDebugLocalResources
> Task :core:designsystem:writeOrangeGoogleDebugAarMetadata
> Task :core:designsystem:javaPreCompileOrangeGoogleDebug
> Task :core:designsystem:dataBindingGenBaseClassesOrangeGoogleDebug
> Task :core:designsystem:generateOrangeGoogleDebugRFile
> Task :core:sendstatus:checkOrangeGoogleDebugAarMetadata
> Task :core:worker:checkOrangeGoogleDebugAarMetadata
> Task :core:navigation:checkOrangeGoogleDebugAarMetadata
> Task :core:domain:checkOrangeGoogleDebugAarMetadata
> Task :core:ui:checkOrangeGoogleDebugAarMetadata
> Task :core:database:checkOrangeGoogleDebugAarMetadata
> Task :core:data:checkOrangeGoogleDebugAarMetadata
> Task :core:network:checkOrangeGoogleDebugAarMetadata
> Task :core:network-test:checkOrangeGoogleDebugAarMetadata
> Task :core:activity:checkOrangeGoogleDebugAarMetadata
> Task :feature:intentrouter:checkOrangeGoogleDebugAarMetadata
> Task :core:preferences:checkOrangeGoogleDebugAarMetadata
> Task :feature:drafts:checkOrangeGoogleDebugAarMetadata
> Task :core:designsystem:extractDeepLinksOrangeGoogleDebug
> Task :feature:collections:checkOrangeGoogleDebugAarMetadata
> Task :core:designsystem:processOrangeGoogleDebugManifest
> Task :core:designsystem:generateOrangeGoogleDebugAssets UP-TO-DATE
> Task :core:designsystem:mergeOrangeGoogleDebugAssets
> Task :core:testing:checkOrangeGoogleDebugAarMetadata
> Task :core:designsystem:mergeOrangeGoogleDebugJniLibFolders
> Task :core:designsystem:mergeOrangeGoogleDebugNativeLibs NO-SOURCE
> Task :feature:suggestions:checkOrangeGoogleDebugAarMetadata
> Task :feature:lists:checkOrangeGoogleDebugAarMetadata
> Task :feature:manageaccounts:checkOrangeGoogleDebugAarMetadata
> Task :core:designsystem:copyOrangeGoogleDebugJniLibsProjectOnly
> Task :feature:login:checkOrangeGoogleDebugAarMetadata
> Task :core:designsystem:compileOrangeGoogleDebugLibraryResources
> Task :core:designsystem:stripOrangeGoogleDebugDebugSymbols NO-SOURCE
> Task :core:designsystem:copyOrangeGoogleDebugJniLibsProjectAndLocalJars
> Task :core:designsystem:extractDeepLinksForAarOrangeGoogleDebug
> Task :core:designsystem:prepareLintJarForPublish
> Task :core:designsystem:prepareOrangeGoogleDebugArtProfile
> Task :core:designsystem:checkOrangeGoogleDebugAarMetadata
> Task :core:markwon:kaptGenerateStubsOrangeGoogleDebugKotlin
> Task :app:packageOrangeGoogleDebugResources
> Task :app:dataBindingTriggerOrangeGoogleDebug
> Task :app:generateOrangeGoogleDebugBuildConfig
> Task :app:createOrangeGoogleDebugCompatibleScreenManifests
> Task :app:extractDeepLinksOrangeGoogleDebug
> Task :app:generateOrangeGoogleDebugAssets UP-TO-DATE
> Task :app:javaPreCompileOrangeGoogleDebug
> Task :app:desugarOrangeGoogleDebugFileDependencies
> Task :app:mergeOrangeGoogleDebugJniLibFolders
> Task :app:validateSigningOrangeGoogleDebug
> Task :app:writeOrangeGoogleDebugAppMetadata
> Task :app:writeOrangeGoogleDebugSigningConfigVersions
> Task :core:designsystem:compileOrangeGoogleDebugKotlin
> Task :app:checkOrangeGoogleDebugDuplicateClasses
> Task :feature:about:prepareLibraryDefinitionsOrangeGoogleDebug
> Task :feature:about:packageOrangeGoogleDebugResources
> Task :feature:about:processOrangeGoogleDebugNavigationResources
> Task :feature:about:dataBindingTriggerOrangeGoogleDebug
> Task :feature:about:parseOrangeGoogleDebugLocalResources
> Task :feature:about:generateOrangeGoogleDebugBuildConfig
> Task :feature:about:generateOrangeGoogleDebugRFile
> Task :feature:about:writeOrangeGoogleDebugAarMetadata
> Task :feature:about:javaPreCompileOrangeGoogleDebug
> Task :feature:about:extractDeepLinksOrangeGoogleDebug
> Task :feature:about:processOrangeGoogleDebugManifest
> Task :feature:about:generateOrangeGoogleDebugAssets UP-TO-DATE
> Task :feature:about:mergeOrangeGoogleDebugAssets
> Task :feature:about:compileOrangeGoogleDebugLibraryResources
> Task :feature:about:mergeOrangeGoogleDebugJniLibFolders
> Task :feature:about:mergeOrangeGoogleDebugNativeLibs NO-SOURCE
> Task :feature:about:copyOrangeGoogleDebugJniLibsProjectOnly
> Task :feature:about:stripOrangeGoogleDebugDebugSymbols NO-SOURCE
> Task :feature:about:copyOrangeGoogleDebugJniLibsProjectAndLocalJars
> Task :feature:about:extractDeepLinksForAarOrangeGoogleDebug
> Task :feature:about:prepareLintJarForPublish
> Task :feature:about:prepareOrangeGoogleDebugArtProfile
> Task :feature:about:checkOrangeGoogleDebugAarMetadata
> Task :core:designsystem:compileOrangeGoogleDebugJavaWithJavac
> Task :core:designsystem:bundleLibCompileToJarOrangeGoogleDebug
> Task :core:designsystem:bundleLibRuntimeToJarOrangeGoogleDebug
> Task :core:designsystem:processOrangeGoogleDebugJavaRes
> Task :core:designsystem:createFullJarOrangeGoogleDebug
> Task :core:designsystem:extractOrangeGoogleDebugAnnotations
> Task :core:designsystem:mergeOrangeGoogleDebugGeneratedProguardFiles
> Task :core:designsystem:mergeOrangeGoogleDebugConsumerProguardFiles
> Task :core:designsystem:mergeOrangeGoogleDebugJavaResource
> Task :core:designsystem:syncOrangeGoogleDebugLibJars

> Task :core:markwon:kaptOrangeGoogleDebugKotlin
warning: Supported source version 'RELEASE_8' from annotation processor 'org.jetbrains.kotlin.kapt.base.ProcessorWrapper' less than -source '21'
Note: [prism4j-bundler] Processing took: 1268 ms

> Task :core:designsystem:bundleOrangeGoogleDebugAar
> Task :core:designsystem:assembleOrangeGoogleDebug

> Task :core:markwon:kaptOrangeGoogleDebugKotlin
Note: [prism4j-bundler] Processing took: 0 ms

> Task :core:common:kspOrangeGoogleDebugKotlin
> Task :core:markwon:compileOrangeGoogleDebugKotlin
> Task :core:common:compileOrangeGoogleDebugKotlin

> Task :core:markwon:compileOrangeGoogleDebugJavaWithJavac
The following annotation processors are not incremental: prism4j-bundler-2.0.0.jar (io.noties:prism4j-bundler:2.0.0).
Make sure all annotation processors are incremental to improve your build speed.

> Task :core:markwon:bundleLibCompileToJarOrangeGoogleDebug
> Task :core:markwon:bundleLibRuntimeToJarOrangeGoogleDebug
> Task :core:markwon:processOrangeGoogleDebugJavaRes
> Task :core:markwon:createFullJarOrangeGoogleDebug
> Task :core:markwon:extractOrangeGoogleDebugAnnotations
> Task :core:markwon:mergeOrangeGoogleDebugGeneratedProguardFiles
> Task :core:markwon:mergeOrangeGoogleDebugConsumerProguardFiles
> Task :core:markwon:mergeOrangeGoogleDebugJavaResource
> Task :core:markwon:syncOrangeGoogleDebugLibJars
> Task :core:markwon:bundleOrangeGoogleDebugAar
> Task :core:markwon:assembleOrangeGoogleDebug

> Task :core:common:compileOrangeGoogleDebugJavaWithJavac

> Task :core:model:dataBindingMergeDependencyArtifactsOrangeGoogleDebug
> Task :core:model:dataBindingGenBaseClassesOrangeGoogleDebug
> Task :core:common:processOrangeGoogleDebugJavaRes
> Task :app:processOrangeGoogleDebugNavigationResources
> Task :core:common:extractOrangeGoogleDebugAnnotations
> Task :core:common:mergeOrangeGoogleDebugJavaResource
> Task :core:common:transformOrangeGoogleDebugClassesWithAsm
> Task :app:compileOrangeGoogleDebugNavigationResources
> Task :core:common:mergeOrangeGoogleDebugGeneratedProguardFiles
> Task :core:common:bundleLibRuntimeToJarOrangeGoogleDebug
> Task :core:common:bundleLibCompileToJarOrangeGoogleDebug
> Task :core:common:mergeOrangeGoogleDebugConsumerProguardFiles
> Task :core:common:createFullJarOrangeGoogleDebug
> Task :app:checkOrangeGoogleDebugAarMetadata
> Task :app:mapOrangeGoogleDebugSourceSetPaths
> Task :app:parseOrangeGoogleDebugLocalResources
> Task :core:common:syncOrangeGoogleDebugLibJars
> Task :core:common:bundleOrangeGoogleDebugAar
> Task :core:common:assembleOrangeGoogleDebug
> Task :app:mergeOrangeGoogleDebugResources

> Task :app:processOrangeGoogleDebugMainManifest
/home/nik/projects/pachli-android/app/src/main/AndroidManifest.xml Warning:
	provider#org.acra.attachment.AcraContentProvider@android:authorities was tagged at AndroidManifest.xml:0 to replace other declarations but no other declaration present

> Task :app:processOrangeGoogleDebugManifest
> Task :app:mergeOrangeGoogleDebugAssets
> Task :app:compressOrangeGoogleDebugAssets
> Task :app:processOrangeGoogleDebugManifestForPackage
> Task :app:mergeOrangeGoogleDebugNativeLibs

> Task :app:stripOrangeGoogleDebugDebugSymbols
Unable to strip the following libraries, packaging them as they are: libandroidx.graphics.path.so, libanimation-decoder-gif.so, libavif_android.so, libconscrypt_jni.so, libsqliteJni.so, libtranslate_jni.so. Run with --info option to learn more.

> Task :core:model:kspOrangeGoogleDebugKotlin
> Task :app:processOrangeGoogleDebugResources

> Task :core:model:compileOrangeGoogleDebugKotlin
w: file:///home/nik/projects/pachli-android/core/model/src/main/kotlin/app/pachli/core/model/TimelineAccount.kt:108:19 'val displayName: String' is deprecated. prefer the `name` property, which is not empty.

> Task :app:l8DexDesugarLibOrangeGoogleDebug

> Task :core:model:compileOrangeGoogleDebugJavaWithJavac

> Task :core:eventhub:dataBindingMergeDependencyArtifactsOrangeGoogleDebug
> Task :core:preferences:dataBindingMergeDependencyArtifactsOrangeGoogleDebug
> Task :core:eventhub:dataBindingGenBaseClassesOrangeGoogleDebug
> Task :core:model:processOrangeGoogleDebugJavaRes
> Task :core:model:extractOrangeGoogleDebugAnnotations
> Task :core:preferences:dataBindingGenBaseClassesOrangeGoogleDebug
> Task :core:model:mergeOrangeGoogleDebugJavaResource
> Task :core:model:transformOrangeGoogleDebugClassesWithAsm
> Task :core:model:mergeOrangeGoogleDebugGeneratedProguardFiles
> Task :core:model:mergeOrangeGoogleDebugConsumerProguardFiles
> Task :core:model:bundleLibCompileToJarOrangeGoogleDebug
> Task :core:model:bundleLibRuntimeToJarOrangeGoogleDebug
> Task :app:mergeExtDexOrangeGoogleDebug
> Task :core:model:syncOrangeGoogleDebugLibJars
> Task :core:model:createFullJarOrangeGoogleDebug
> Task :core:model:bundleOrangeGoogleDebugAar
> Task :core:model:assembleOrangeGoogleDebug
> Task :core:eventhub:kspOrangeGoogleDebugKotlin
> Task :core:eventhub:compileOrangeGoogleDebugKotlin

> Task :core:eventhub:compileOrangeGoogleDebugJavaWithJavac

> Task :core:eventhub:transformOrangeGoogleDebugClassesWithAsm
> Task :core:eventhub:processOrangeGoogleDebugJavaRes
> Task :core:eventhub:bundleLibCompileToJarOrangeGoogleDebug
> Task :core:eventhub:bundleLibRuntimeToJarOrangeGoogleDebug
> Task :core:eventhub:extractOrangeGoogleDebugAnnotations
> Task :core:eventhub:createFullJarOrangeGoogleDebug
> Task :core:eventhub:mergeOrangeGoogleDebugGeneratedProguardFiles
> Task :core:eventhub:mergeOrangeGoogleDebugConsumerProguardFiles
> Task :core:eventhub:mergeOrangeGoogleDebugJavaResource
> Task :core:eventhub:syncOrangeGoogleDebugLibJars
> Task :core:eventhub:bundleOrangeGoogleDebugAar
> Task :core:eventhub:assembleOrangeGoogleDebug
> Task :core:preferences:kspOrangeGoogleDebugKotlin
> Task :core:preferences:compileOrangeGoogleDebugKotlin

> Task :core:preferences:compileOrangeGoogleDebugJavaWithJavac

> Task :core:database:dataBindingMergeDependencyArtifactsOrangeGoogleDebug
> Task :core:network:dataBindingMergeDependencyArtifactsOrangeGoogleDebug
> Task :core:preferences:processOrangeGoogleDebugJavaRes
> Task :core:database:dataBindingGenBaseClassesOrangeGoogleDebug
> Task :core:network:dataBindingGenBaseClassesOrangeGoogleDebug
> Task :core:preferences:extractOrangeGoogleDebugAnnotations
> Task :core:preferences:mergeOrangeGoogleDebugJavaResource
> Task :core:preferences:transformOrangeGoogleDebugClassesWithAsm
> Task :core:preferences:bundleLibCompileToJarOrangeGoogleDebug
> Task :core:preferences:mergeOrangeGoogleDebugGeneratedProguardFiles
> Task :core:preferences:bundleLibRuntimeToJarOrangeGoogleDebug
> Task :core:preferences:mergeOrangeGoogleDebugConsumerProguardFiles
> Task :core:preferences:createFullJarOrangeGoogleDebug
> Task :core:preferences:syncOrangeGoogleDebugLibJars
> Task :core:preferences:bundleOrangeGoogleDebugAar
> Task :core:preferences:assembleOrangeGoogleDebug

> Task :core:database:kspOrangeGoogleDebugKotlin






















































































































































































































































































































> Task :core:network:kspOrangeGoogleDebugKotlin

> Task :core:database:kspOrangeGoogleDebugKotlin










































































































































































































































































































































































































































































































































































































































































































































































































































































































































































































































































































































































































































































































































































































































































































































































































































































































































































































































































































































































































































































































































































































































































































































































































































































































































































































































































































































































































































































































































































































































































































































































































































































































































































































































































































































































































































































































































































































































































































































































































































































































































































































































































































































































































































































































































































































































































































































































































> Task :core:network:compileOrangeGoogleDebugKotlin
w: file:///home/nik/projects/pachli-android/core/network/src/main/kotlin/app/pachli/core/network/json/HasDefault.kt:104:36 Unchecked cast of 'Class<*>!' to 'Class<out Enum<*>>'.
w: file:///home/nik/projects/pachli-android/core/network/src/main/kotlin/app/pachli/core/network/json/HasDefault.kt:106:27 Only safe (?.) or non-null asserted (!!.) calls are allowed on a nullable receiver of type 'Array<(out) CapturedType(out Enum<*>)!>?'.
w: file:///home/nik/projects/pachli-android/core/network/src/main/kotlin/app/pachli/core/network/json/HasDefault.kt:120:47 Unchecked cast of 'Any?' to 'T (of class Adapter<T : Enum<T>>)'.
w: file:///home/nik/projects/pachli-android/core/network/src/main/kotlin/app/pachli/core/network/json/HasDefault.kt:127:31 Unchecked cast of 'Enum<*>' to 'T (of class Adapter<T : Enum<T>>)'.
w: file:///home/nik/projects/pachli-android/core/network/src/main/kotlin/app/pachli/core/network/model/InstanceV1.kt:77:69 'val maxTootChars: Int?' is deprecated. Replaced with StatusConfiguration.max_characters.
w: file:///home/nik/projects/pachli-android/core/network/src/main/kotlin/app/pachli/core/network/model/Suggestion.kt:116:48 'val source: SuggestionSource' is deprecated. Mastodon 4.x switched to sources.
w: file:///home/nik/projects/pachli-android/core/network/src/main/kotlin/app/pachli/core/network/model/TimelineAccount.kt:83:23 'val displayName: String?' is deprecated. prefer the `name` property, which is not-null and not-empty.

> Task :core:network:compileOrangeGoogleDebugJavaWithJavac

> Task :core:network-test:dataBindingMergeDependencyArtifactsOrangeGoogleDebug
> Task :core:network-test:dataBindingGenBaseClassesOrangeGoogleDebug
> Task :core:network:processOrangeGoogleDebugJavaRes
> Task :core:network:extractOrangeGoogleDebugAnnotations
> Task :core:network:transformOrangeGoogleDebugClassesWithAsm
> Task :core:network:mergeOrangeGoogleDebugJavaResource
> Task :core:network:bundleLibCompileToJarOrangeGoogleDebug
> Task :core:network:mergeOrangeGoogleDebugGeneratedProguardFiles
> Task :core:network:mergeOrangeGoogleDebugConsumerProguardFiles
> Task :core:network:bundleLibRuntimeToJarOrangeGoogleDebug
> Task :core:network:syncOrangeGoogleDebugLibJars
> Task :core:network:createFullJarOrangeGoogleDebug
> Task :core:network:bundleOrangeGoogleDebugAar
> Task :core:network:assembleOrangeGoogleDebug

> Task :core:database:kspOrangeGoogleDebugKotlin































































































































































































































































































































































































































































































































































































































































































































































































































































































































































































































































































































































































































































































































































































































































































































































































































































































































































































































































































































































































































































































































































































































































































































































































> Task :core:network-test:kspOrangeGoogleDebugKotlin
> Task :core:network-test:compileOrangeGoogleDebugKotlin

> Task :core:network-test:compileOrangeGoogleDebugJavaWithJavac

> Task :core:network-test:extractOrangeGoogleDebugAnnotations
> Task :core:network-test:processOrangeGoogleDebugJavaRes
> Task :core:network-test:mergeOrangeGoogleDebugJavaResource
> Task :core:network-test:transformOrangeGoogleDebugClassesWithAsm
> Task :core:network-test:mergeOrangeGoogleDebugGeneratedProguardFiles
> Task :core:network-test:mergeOrangeGoogleDebugConsumerProguardFiles
> Task :core:network-test:syncOrangeGoogleDebugLibJars
> Task :core:network-test:bundleOrangeGoogleDebugAar
> Task :core:network-test:assembleOrangeGoogleDebug

> Task :core:database:kspOrangeGoogleDebugKotlin

















































































































































































































































































































































































































































































































































































































































































































































































































































































































































































































































































































































































































































































































































































































































































































































































































































































































































































































































































































































































































































































































































































































































































































































































































































































































































































































































































































































































































































































































































































































































































































































































































































































































































































































































































































































































































































































































































































































































































































































































































































































































































































































































































































































































































































































































































































































































































































































































































































































































































































































































































































































































































































































































































































































































































































































































































































































































































































































































































































































































































































































































































































































































































































































































































































































































































































































































































































































































































































































































































































































































































































































































































































































































































































































































































































































































































































































































































































































































































































































































































































































































































































































































































































































































































































































































































































































































































































































































































































































































































































































































































































































































































































































































































































































































































































































































































































































































































































































































































































































































































































































































































































































































































































































































































































































































































































































































































































































































































































































































































































































































































































































































































































































































































































































































































































































































































































































































































































































































































































































































































































































































































































































































































































































































































































































































































































































































































































































































































































































































































































































































































































































































































































































































































































































































































































































































































































































































































































































































































































































































































































































































































































































































































































































































































































































































































































































































































































































































































































































































































































































































































































































































































































































































































































































































































































































































































































































































































































































































































































































































































































































































































































































































































































































































































































































































































































































































































































































































































































































































































































































































































































































































































































































































































































































































































































































































































































































































































































































































































































































































































































































































































































































































































































































































































































































































































































































































































































































































































































































































































































































































































































































































































































































































































































































































































































































































































































































































































































































































































































































































































































































































































































































































































































































































































































































































































































































































































































































































































































































































































































































































































































































































































































































































































































































































































w: [ksp] /home/nik/projects/pachli-android/core/database/src/main/kotlin/app/pachli/core/database/model/CollectionEntity.kt:153: Indices defined in app.pachli.core.database.model.TimelineAccountEntity will be dropped when it is merged into app.pachli.core.database.model.TimelineCollectionEntity (ownerAccount). You can re-declare them in app.pachli.core.database.model.TimelineCollectionEntity.

> Task :core:database:compileOrangeGoogleDebugKotlin
w: file:///home/nik/projects/pachli-android/core/database/build/generated/ksp/orangeGoogleDebug/kotlin/app/pachli/core/database/dao/ConversationsDao_Impl.kt:1607:31 This declaration overrides a deprecated member but is not marked as deprecated itself. Add the '@Deprecated' annotation or suppress the diagnostic.
w: file:///home/nik/projects/pachli-android/core/database/build/generated/ksp/orangeGoogleDebug/kotlin/app/pachli/core/database/dao/DraftDao_Impl.kt:85:13 Condition is always 'false'.
w: file:///home/nik/projects/pachli-android/core/database/build/generated/ksp/orangeGoogleDebug/kotlin/app/pachli/core/database/dao/DraftDao_Impl.kt:162:13 Condition is always 'false'.
w: file:///home/nik/projects/pachli-android/core/database/build/generated/ksp/orangeGoogleDebug/kotlin/app/pachli/core/database/dao/NotificationDao_Impl.kt:2556:31 This declaration overrides a deprecated member but is not marked as deprecated itself. Add the '@Deprecated' annotation or suppress the diagnostic.
w: file:///home/nik/projects/pachli-android/core/database/build/generated/ksp/orangeGoogleDebug/kotlin/app/pachli/core/database/dao/NotificationDao_Impl.kt:2880:31 This declaration overrides a deprecated member but is not marked as deprecated itself. Add the '@Deprecated' annotation or suppress the diagnostic.
w: file:///home/nik/projects/pachli-android/core/database/build/generated/ksp/orangeGoogleDebug/kotlin/app/pachli/core/database/dao/StatusDao_Impl.kt:133:13 Condition is always 'false'.
w: file:///home/nik/projects/pachli-android/core/database/build/generated/ksp/orangeGoogleDebug/kotlin/app/pachli/core/database/dao/StatusDao_Impl.kt:140:13 Condition is always 'false'.
w: file:///home/nik/projects/pachli-android/core/database/build/generated/ksp/orangeGoogleDebug/kotlin/app/pachli/core/database/dao/StatusDao_Impl.kt:173:13 Condition is always 'false'.
w: file:///home/nik/projects/pachli-android/core/database/build/generated/ksp/orangeGoogleDebug/kotlin/app/pachli/core/database/dao/StatusDao_Impl.kt:279:13 Condition is always 'false'.
w: file:///home/nik/projects/pachli-android/core/database/build/generated/ksp/orangeGoogleDebug/kotlin/app/pachli/core/database/dao/StatusDao_Impl.kt:286:13 Condition is always 'false'.
w: file:///home/nik/projects/pachli-android/core/database/build/generated/ksp/orangeGoogleDebug/kotlin/app/pachli/core/database/dao/StatusDao_Impl.kt:319:13 Condition is always 'false'.
w: file:///home/nik/projects/pachli-android/core/database/build/generated/ksp/orangeGoogleDebug/kotlin/app/pachli/core/database/dao/StatusDao_Impl.kt:422:13 Condition is always 'false'.
w: file:///home/nik/projects/pachli-android/core/database/build/generated/ksp/orangeGoogleDebug/kotlin/app/pachli/core/database/dao/StatusDao_Impl.kt:429:13 Condition is always 'false'.
w: file:///home/nik/projects/pachli-android/core/database/build/generated/ksp/orangeGoogleDebug/kotlin/app/pachli/core/database/dao/StatusDao_Impl.kt:462:13 Condition is always 'false'.
w: file:///home/nik/projects/pachli-android/core/database/build/generated/ksp/orangeGoogleDebug/kotlin/app/pachli/core/database/dao/TimelineDao_Impl.kt:5275:31 This declaration overrides a deprecated member but is not marked as deprecated itself. Add the '@Deprecated' annotation or suppress the diagnostic.
w: file:///home/nik/projects/pachli-android/core/database/build/generated/ksp/orangeGoogleDebug/kotlin/app/pachli/core/database/dao/TranslatedStatusDao_Impl.kt:54:13 Condition is always 'false'.
w: file:///home/nik/projects/pachli-android/core/database/build/generated/ksp/orangeGoogleDebug/kotlin/app/pachli/core/database/dao/TranslatedStatusDao_Impl.kt:73:13 Condition is always 'false'.
w: file:///home/nik/projects/pachli-android/core/database/src/main/kotlin/app/pachli/core/database/model/AccountEntity.kt:123:19 'val displayName: String' is deprecated. prefer the `name` property, which is not empty.
w: file:///home/nik/projects/pachli-android/core/database/src/main/kotlin/app/pachli/core/database/model/LogEntryEntity.kt:45:18 This extension is shadowed by a member: 'fun toString(): String' defined in 'kotlin.Any'.

> Task :core:database:compileOrangeGoogleDebugJavaWithJavac

> Task :core:data:dataBindingMergeDependencyArtifactsOrangeGoogleDebug
> Task :core:data:dataBindingGenBaseClassesOrangeGoogleDebug
> Task :core:database:processOrangeGoogleDebugJavaRes
> Task :core:database:extractOrangeGoogleDebugAnnotations
> Task :core:database:mergeOrangeGoogleDebugJavaResource
> Task :core:database:transformOrangeGoogleDebugClassesWithAsm
> Task :core:database:mergeOrangeGoogleDebugGeneratedProguardFiles
> Task :core:database:mergeOrangeGoogleDebugConsumerProguardFiles
> Task :core:database:bundleLibCompileToJarOrangeGoogleDebug
> Task :core:database:bundleLibRuntimeToJarOrangeGoogleDebug
> Task :core:database:syncOrangeGoogleDebugLibJars
> Task :core:database:createFullJarOrangeGoogleDebug
> Task :core:database:bundleOrangeGoogleDebugAar
> Task :core:database:assembleOrangeGoogleDebug
> Task :core:data:kspOrangeGoogleDebugKotlin

> Task :core:data:compileOrangeGoogleDebugKotlin
w: file:///home/nik/projects/pachli-android/core/data/src/main/kotlin/app/pachli/core/data/repository/AccountManager.kt:183:17 'val activeAccountFlow: StateFlow<Loadable<PachliAccountEntity?>>' is deprecated. Caller should use getPachliAccountFlow with a specific account ID.
w: file:///home/nik/projects/pachli-android/core/data/src/main/kotlin/app/pachli/core/data/repository/AccountManager.kt:210:17 'val activePachliAccountFlow: SharedFlow<PachliAccount>' is deprecated. Caller should use getPachliAccountFlow with a specific account ID.
w: file:///home/nik/projects/pachli-android/core/data/src/main/kotlin/app/pachli/core/data/repository/AccountManager.kt:528:42 'val displayName: String' is deprecated. prefer the `name` property, which is not empty.
w: file:///home/nik/projects/pachli-android/core/data/src/main/kotlin/app/pachli/core/data/repository/AccountPreferenceDataStore.kt:41:38 'val activeAccount: PachliAccountEntity?' is deprecated. Caller should use getPachliAccountFlow with a specific account ID.
w: file:///home/nik/projects/pachli-android/core/data/src/main/kotlin/app/pachli/core/data/repository/AccountPreferenceDataStore.kt:52:38 'val activeAccount: PachliAccountEntity?' is deprecated. Caller should use getPachliAccountFlow with a specific account ID.
w: file:///home/nik/projects/pachli-android/core/data/src/main/kotlin/app/pachli/core/data/repository/StatusDisplayOptionsRepository.kt:93:66 'val activeAccount: PachliAccountEntity?' is deprecated. Caller should use getPachliAccountFlow with a specific account ID.
w: file:///home/nik/projects/pachli-android/core/data/src/main/kotlin/app/pachli/core/data/repository/StatusDisplayOptionsRepository.kt:120:65 'val activeAccount: PachliAccountEntity?' is deprecated. Caller should use getPachliAccountFlow with a specific account ID.
w: file:///home/nik/projects/pachli-android/core/data/src/main/kotlin/app/pachli/core/data/repository/StatusDisplayOptionsRepository.kt:123:58 'val activeAccount: PachliAccountEntity?' is deprecated. Caller should use getPachliAccountFlow with a specific account ID.
w: file:///home/nik/projects/pachli-android/core/data/src/main/kotlin/app/pachli/core/data/repository/StatusDisplayOptionsRepository.kt:144:28 'val activePachliAccountFlow: SharedFlow<PachliAccount>' is deprecated. Caller should use getPachliAccountFlow with a specific account ID.

> Task :core:data:compileOrangeGoogleDebugJavaWithJavac

> Task :core:worker:dataBindingMergeDependencyArtifactsOrangeGoogleDebug
> Task :core:navigation:dataBindingMergeDependencyArtifactsOrangeGoogleDebug
> Task :core:domain:dataBindingMergeDependencyArtifactsOrangeGoogleDebug
> Task :core:testing:dataBindingMergeDependencyArtifactsOrangeGoogleDebug
> Task :core:ui:dataBindingMergeDependencyArtifactsOrangeGoogleDebug
> Task :core:worker:dataBindingGenBaseClassesOrangeGoogleDebug
> Task :core:navigation:dataBindingGenBaseClassesOrangeGoogleDebug
> Task :core:domain:dataBindingGenBaseClassesOrangeGoogleDebug
> Task :core:data:processOrangeGoogleDebugJavaRes
> Task :core:testing:dataBindingGenBaseClassesOrangeGoogleDebug
> Task :core:data:extractOrangeGoogleDebugAnnotations
> Task :core:data:mergeOrangeGoogleDebugJavaResource
> Task :core:data:transformOrangeGoogleDebugClassesWithAsm
> Task :core:data:mergeOrangeGoogleDebugGeneratedProguardFiles
> Task :core:data:mergeOrangeGoogleDebugConsumerProguardFiles
> Task :core:data:bundleLibCompileToJarOrangeGoogleDebug
> Task :core:data:bundleLibRuntimeToJarOrangeGoogleDebug
> Task :core:ui:dataBindingGenBaseClassesOrangeGoogleDebug
> Task :core:data:syncOrangeGoogleDebugLibJars
> Task :core:data:createFullJarOrangeGoogleDebug
> Task :core:data:bundleOrangeGoogleDebugAar
> Task :core:data:assembleOrangeGoogleDebug

> Task :core:navigation:compileOrangeGoogleDebugKotlin
w: file:///home/nik/projects/pachli-android/core/navigation/src/main/kotlin/app/pachli/core/navigation/Navigation.kt:125:46 'fun getSerializableExtra(p0: String!): Serializable?' is deprecated. Deprecated in Java.
w: file:///home/nik/projects/pachli-android/core/navigation/src/main/kotlin/app/pachli/core/navigation/Navigation.kt:703:56 'fun getSerializableExtra(p0: String!): Serializable?' is deprecated. Deprecated in Java.

> Task :core:domain:kspOrangeGoogleDebugKotlin
> Task :core:worker:kspOrangeGoogleDebugKotlin
> Task :core:navigation:compileOrangeGoogleDebugJavaWithJavac
> Task :core:navigation:bundleLibCompileToJarOrangeGoogleDebug
> Task :core:navigation:bundleLibRuntimeToJarOrangeGoogleDebug
> Task :core:navigation:processOrangeGoogleDebugJavaRes
> Task :core:navigation:createFullJarOrangeGoogleDebug
> Task :core:sendstatus:dataBindingMergeDependencyArtifactsOrangeGoogleDebug
> Task :core:navigation:extractOrangeGoogleDebugAnnotations
> Task :core:navigation:mergeOrangeGoogleDebugGeneratedProguardFiles
> Task :core:navigation:mergeOrangeGoogleDebugConsumerProguardFiles
> Task :core:navigation:mergeOrangeGoogleDebugJavaResource
> Task :core:sendstatus:dataBindingGenBaseClassesOrangeGoogleDebug
> Task :core:testing:kspOrangeGoogleDebugKotlin
> Task :core:navigation:syncOrangeGoogleDebugLibJars
> Task :core:navigation:bundleOrangeGoogleDebugAar
> Task :core:navigation:assembleOrangeGoogleDebug
> Task :core:domain:compileOrangeGoogleDebugKotlin
> Task :core:worker:compileOrangeGoogleDebugKotlin

> Task :core:testing:compileOrangeGoogleDebugKotlin
w: file:///home/nik/projects/pachli-android/core/testing/src/main/kotlin/app/pachli/core/testing/fakes/FakeSpannable.kt:32:29 Unchecked cast of 'Array<Any?>' to 'Array<T (of fun <T : Any> getSpans)>'.

> Task :core:ui:kspOrangeGoogleDebugKotlin

> Task :core:domain:compileOrangeGoogleDebugJavaWithJavac

> Task :core:domain:processOrangeGoogleDebugJavaRes
> Task :core:domain:transformOrangeGoogleDebugClassesWithAsm
> Task :core:domain:extractOrangeGoogleDebugAnnotations
> Task :core:domain:bundleLibCompileToJarOrangeGoogleDebug
> Task :core:domain:mergeOrangeGoogleDebugGeneratedProguardFiles
> Task :core:domain:bundleLibRuntimeToJarOrangeGoogleDebug
> Task :core:domain:mergeOrangeGoogleDebugConsumerProguardFiles
> Task :core:domain:createFullJarOrangeGoogleDebug
> Task :core:domain:mergeOrangeGoogleDebugJavaResource
> Task :core:domain:syncOrangeGoogleDebugLibJars
> Task :core:domain:bundleOrangeGoogleDebugAar
> Task :core:domain:assembleOrangeGoogleDebug

> Task :core:worker:compileOrangeGoogleDebugJavaWithJavac

> Task :core:worker:processOrangeGoogleDebugJavaRes
> Task :core:worker:transformOrangeGoogleDebugClassesWithAsm
> Task :core:worker:extractOrangeGoogleDebugAnnotations
> Task :core:worker:bundleLibCompileToJarOrangeGoogleDebug
> Task :core:worker:bundleLibRuntimeToJarOrangeGoogleDebug
> Task :core:worker:mergeOrangeGoogleDebugGeneratedProguardFiles
> Task :core:worker:createFullJarOrangeGoogleDebug
> Task :core:worker:mergeOrangeGoogleDebugConsumerProguardFiles
> Task :core:worker:mergeOrangeGoogleDebugJavaResource
> Task :core:worker:syncOrangeGoogleDebugLibJars
> Task :core:worker:bundleOrangeGoogleDebugAar
> Task :core:worker:assembleOrangeGoogleDebug
> Task :core:sendstatus:kspOrangeGoogleDebugKotlin

> Task :core:testing:compileOrangeGoogleDebugJavaWithJavac

> Task :core:testing:extractOrangeGoogleDebugAnnotations
> Task :core:testing:processOrangeGoogleDebugJavaRes
> Task :core:testing:mergeOrangeGoogleDebugJavaResource
> Task :core:testing:transformOrangeGoogleDebugClassesWithAsm
> Task :core:testing:mergeOrangeGoogleDebugGeneratedProguardFiles
> Task :core:testing:mergeOrangeGoogleDebugConsumerProguardFiles
> Task :core:testing:syncOrangeGoogleDebugLibJars
> Task :core:testing:bundleOrangeGoogleDebugAar
> Task :core:testing:assembleOrangeGoogleDebug

> Task :core:sendstatus:compileOrangeGoogleDebugKotlin
w: file:///home/nik/projects/pachli-android/core/sendstatus/src/main/kotlin/app/pachli/core/sendstatus/MediaUploader.kt:246:20 Unchecked cast of 'Result<UploadState, MediaUploaderError>?' to 'Result<UploadState.Uploaded, MediaUploaderError>'.

> Task :core:sendstatus:compileOrangeGoogleDebugJavaWithJavac

> Task :core:sendstatus:processOrangeGoogleDebugJavaRes
> Task :core:sendstatus:extractOrangeGoogleDebugAnnotations
> Task :core:sendstatus:mergeOrangeGoogleDebugJavaResource
> Task :core:sendstatus:transformOrangeGoogleDebugClassesWithAsm
> Task :core:sendstatus:bundleLibRuntimeToJarOrangeGoogleDebug
> Task :core:sendstatus:bundleLibCompileToJarOrangeGoogleDebug
> Task :core:sendstatus:mergeOrangeGoogleDebugGeneratedProguardFiles
> Task :core:sendstatus:createFullJarOrangeGoogleDebug
> Task :core:sendstatus:mergeOrangeGoogleDebugConsumerProguardFiles
> Task :core:sendstatus:syncOrangeGoogleDebugLibJars
> Task :core:sendstatus:bundleOrangeGoogleDebugAar
> Task :core:sendstatus:assembleOrangeGoogleDebug
> Task :core:ui:kaptGenerateStubsOrangeGoogleDebugKotlin

> Task :core:ui:kaptOrangeGoogleDebugKotlin
warning: The following options were not recognized by any processor: '[dagger.hilt.internal.useAggregatingRootProcessor, kapt.kotlin.generated, dagger.fastInit, dagger.hilt.android.internal.disableAndroidSuperclassValidation, dagger.hilt.android.internal.projectType]'

> Task :core:activity:dataBindingMergeDependencyArtifactsOrangeGoogleDebug
> Task :core:activity:dataBindingGenBaseClassesOrangeGoogleDebug

> Task :core:ui:compileOrangeGoogleDebugKotlin
w: file:///home/nik/projects/pachli-android/core/ui/src/main/kotlin/app/pachli/core/ui/ClickableSpanTextView.kt:300:21 'static fun startActivity(p0: Context, p1: Intent, p2: Bundle?): Unit' is deprecated. Deprecated in Java.
w: file:///home/nik/projects/pachli-android/core/ui/src/main/kotlin/app/pachli/core/ui/ImageLoadingHelper.kt:159:67 Unchecked cast of 'BitmapTextViewTarget' to 'Target<T (of fun <T> RequestBuilder<T>.into)>'.
w: file:///home/nik/projects/pachli-android/core/ui/src/main/kotlin/app/pachli/core/ui/ImageLoadingHelper.kt:163:78 Unchecked cast of 'DrawableTextViewTarget' to 'Target<T (of fun <T> RequestBuilder<T>.into)>'.
w: file:///home/nik/projects/pachli-android/core/ui/src/main/kotlin/app/pachli/core/ui/PollPreviewView.kt:100:24 'static fun setCompoundDrawablesRelativeWithIntrinsicBounds(p0: TextView, p1: Int, p2: Int, p3: Int, p4: Int): Unit' is deprecated. Deprecated in Java.
w: file:///home/nik/projects/pachli-android/core/ui/src/main/kotlin/app/pachli/core/ui/extensions/AlertDialogExtensions.kt:51:18 'fun resume(value: Int, onCancellation: ((Throwable) -> Unit)?): Unit' is deprecated. Use the overload that also accepts the `value` and the coroutine context in lambda.
w: file:///home/nik/projects/pachli-android/core/ui/src/main/kotlin/app/pachli/core/ui/extensions/AlertDialogExtensions.kt:117:18 'fun resume(value: SingleChoiceItemResult, onCancellation: ((Throwable) -> Unit)?): Unit' is deprecated. Use the overload that also accepts the `value` and the coroutine context in lambda.
w: file:///home/nik/projects/pachli-android/core/ui/src/main/kotlin/app/pachli/core/ui/extensions/AlertDialogExtensions.kt:124:36 'fun resume(value: SingleChoiceItemResult, onCancellation: ((Throwable) -> Unit)?): Unit' is deprecated. Use the overload that also accepts the `value` and the coroutine context in lambda.
w: file:///home/nik/projects/pachli-android/core/ui/src/main/kotlin/app/pachli/core/ui/extensions/AlertDialogExtensions.kt:125:60 'fun resume(value: SingleChoiceItemResult, onCancellation: ((Throwable) -> Unit)?): Unit' is deprecated. Use the overload that also accepts the `value` and the coroutine context in lambda.
w: file:///home/nik/projects/pachli-android/core/ui/src/main/kotlin/app/pachli/core/ui/extensions/AlertDialogExtensions.kt:149:18 'fun resume(value: S?, onCancellation: ((Throwable) -> Unit)?): Unit' is deprecated. Use the overload that also accepts the `value` and the coroutine context in lambda.
w: file:///home/nik/projects/pachli-android/core/ui/src/main/kotlin/app/pachli/core/ui/extensions/AlertDialogExtensions.kt:153:49 'fun resume(value: S?, onCancellation: ((Throwable) -> Unit)?): Unit' is deprecated. Use the overload that also accepts the `value` and the coroutine context in lambda.
w: file:///home/nik/projects/pachli-android/core/ui/src/main/kotlin/app/pachli/core/ui/extensions/AlertDialogExtensions.kt:154:36 'fun resume(value: S?, onCancellation: ((Throwable) -> Unit)?): Unit' is deprecated. Use the overload that also accepts the `value` and the coroutine context in lambda.
w: file:///home/nik/projects/pachli-android/core/ui/src/main/kotlin/app/pachli/core/ui/extensions/AlertDialogExtensions.kt:155:60 'fun resume(value: S?, onCancellation: ((Throwable) -> Unit)?): Unit' is deprecated. Use the overload that also accepts the `value` and the coroutine context in lambda.
w: file:///home/nik/projects/pachli-android/core/ui/src/main/kotlin/com/twitter/twittertext/Extractor.kt:113:29 Java type mismatch: inferred type is 'String?', but 'String' was expected.
w: file:///home/nik/projects/pachli-android/core/ui/src/main/kotlin/com/twitter/twittertext/Extractor.kt:147:34 Java type mismatch: inferred type is 'String?', but 'CharSequence' was expected.
w: file:///home/nik/projects/pachli-android/core/ui/src/main/kotlin/com/twitter/twittertext/Extractor.kt:157:38 Only safe (?.) or non-null asserted (!!.) calls are allowed on a nullable receiver of type 'String?'.
w: file:///home/nik/projects/pachli-android/core/ui/src/main/kotlin/com/twitter/twittertext/Extractor.kt:158:45 Java type mismatch: inferred type is 'String?', but 'String' was expected.

> Task :core:ui:compileOrangeGoogleDebugJavaWithJavac
> Task :core:ui:processOrangeGoogleDebugJavaRes
> Task :core:ui:extractOrangeGoogleDebugAnnotations
> Task :core:ui:mergeOrangeGoogleDebugJavaResource
> Task :core:ui:transformOrangeGoogleDebugClassesWithAsm
> Task :core:ui:mergeOrangeGoogleDebugGeneratedProguardFiles
> Task :core:ui:mergeOrangeGoogleDebugConsumerProguardFiles
> Task :core:ui:bundleLibCompileToJarOrangeGoogleDebug
> Task :core:ui:bundleLibRuntimeToJarOrangeGoogleDebug
> Task :core:ui:syncOrangeGoogleDebugLibJars
> Task :core:ui:createFullJarOrangeGoogleDebug
> Task :core:ui:bundleOrangeGoogleDebugAar
> Task :core:ui:assembleOrangeGoogleDebug
> Task :core:activity:kspOrangeGoogleDebugKotlin

> Task :core:activity:compileOrangeGoogleDebugKotlin
w: file:///home/nik/projects/pachli-android/core/activity/src/main/kotlin/app/pachli/core/activity/BaseActivity.kt:127:28 'constructor(p0: String!, p1: Bitmap!, p2: Int): ActivityManager.TaskDescription' is deprecated. Deprecated in Java.
w: file:///home/nik/projects/pachli-android/core/activity/src/main/kotlin/app/pachli/core/activity/BaseActivity.kt:217:28 'val activeAccountFlow: StateFlow<Loadable<PachliAccountEntity?>>' is deprecated. Caller should use getPachliAccountFlow with a specific account ID.
w: file:///home/nik/projects/pachli-android/core/activity/src/main/kotlin/app/pachli/core/activity/OpenUrlUseCase.kt:81:82 'static field navigationBarColor: Int' is deprecated. Deprecated in Java.

> Task :core:activity:compileOrangeGoogleDebugJavaWithJavac

> Task :feature:about:dataBindingMergeDependencyArtifactsOrangeGoogleDebug
> Task :feature:drafts:dataBindingMergeDependencyArtifactsOrangeGoogleDebug
> Task :feature:manageaccounts:dataBindingMergeDependencyArtifactsOrangeGoogleDebug
> Task :feature:lists:dataBindingMergeDependencyArtifactsOrangeGoogleDebug
> Task :feature:login:dataBindingMergeDependencyArtifactsOrangeGoogleDebug
> Task :feature:suggestions:dataBindingMergeDependencyArtifactsOrangeGoogleDebug
> Task :feature:intentrouter:dataBindingMergeDependencyArtifactsOrangeGoogleDebug
> Task :feature:collections:dataBindingMergeDependencyArtifactsOrangeGoogleDebug
> Task :core:activity:processOrangeGoogleDebugJavaRes
> Task :core:activity:transformOrangeGoogleDebugClassesWithAsm
> Task :feature:drafts:dataBindingGenBaseClassesOrangeGoogleDebug
> Task :feature:login:dataBindingGenBaseClassesOrangeGoogleDebug
> Task :feature:suggestions:dataBindingGenBaseClassesOrangeGoogleDebug
> Task :feature:manageaccounts:dataBindingGenBaseClassesOrangeGoogleDebug
> Task :core:activity:extractOrangeGoogleDebugAnnotations
> Task :feature:intentrouter:dataBindingGenBaseClassesOrangeGoogleDebug
> Task :feature:collections:dataBindingGenBaseClassesOrangeGoogleDebug
> Task :feature:lists:dataBindingGenBaseClassesOrangeGoogleDebug
> Task :core:activity:bundleLibCompileToJarOrangeGoogleDebug
> Task :core:activity:mergeOrangeGoogleDebugGeneratedProguardFiles
> Task :core:activity:bundleLibRuntimeToJarOrangeGoogleDebug
> Task :core:activity:mergeOrangeGoogleDebugConsumerProguardFiles
> Task :core:activity:createFullJarOrangeGoogleDebug
> Task :feature:about:dataBindingGenBaseClassesOrangeGoogleDebug
> Task :core:activity:mergeOrangeGoogleDebugJavaResource
> Task :core:activity:syncOrangeGoogleDebugLibJars
> Task :core:activity:bundleOrangeGoogleDebugAar
> Task :core:activity:assembleOrangeGoogleDebug
> Task :feature:manageaccounts:kspOrangeGoogleDebugKotlin
> Task :feature:suggestions:kspOrangeGoogleDebugKotlin
> Task :feature:drafts:kspOrangeGoogleDebugKotlin
> Task :feature:login:kspOrangeGoogleDebugKotlin
> Task :feature:collections:kspOrangeGoogleDebugKotlin
> Task :feature:intentrouter:kspOrangeGoogleDebugKotlin
> Task :feature:lists:kspOrangeGoogleDebugKotlin
> Task :feature:about:kspOrangeGoogleDebugKotlin
> Task :feature:manageaccounts:compileOrangeGoogleDebugKotlin

> Task :feature:drafts:compileOrangeGoogleDebugKotlin
w: file:///home/nik/projects/pachli-android/feature/drafts/src/main/kotlin/app/pachli/feature/drafts/DraftsActivity.kt:82:42 'val activeAccount: PachliAccountEntity?' is deprecated. Caller should use getPachliAccountFlow with a specific account ID.
w: file:///home/nik/projects/pachli-android/feature/drafts/src/main/kotlin/app/pachli/feature/drafts/DraftsActivity.kt:101:24 'val activeAccount: PachliAccountEntity?' is deprecated. Caller should use getPachliAccountFlow with a specific account ID.
w: file:///home/nik/projects/pachli-android/feature/drafts/src/main/kotlin/app/pachli/feature/drafts/DraftsViewModel.kt:51:60 'val activeAccount: PachliAccountEntity?' is deprecated. Caller should use getPachliAccountFlow with a specific account ID.

> Task :feature:login:compileOrangeGoogleDebugKotlin
w: file:///home/nik/projects/pachli-android/feature/login/src/main/kotlin/app/pachli/feature/login/LoginWebViewActivity.kt:155:26 'var databaseEnabled: Boolean' is deprecated. Deprecated in Java.

> Task :feature:suggestions:compileOrangeGoogleDebugKotlin
w: file:///home/nik/projects/pachli-android/feature/suggestions/src/main/kotlin/app/pachli/feature/suggestions/UiAction.kt:89:77 'val displayName: String' is deprecated. prefer the `name` property, which is not empty.
w: file:///home/nik/projects/pachli-android/feature/suggestions/src/main/kotlin/app/pachli/feature/suggestions/UiAction.kt:89:88 Unnecessary safe call on a non-null receiver of type 'String'.

> Task :feature:intentrouter:compileOrangeGoogleDebugKotlin
> Task :feature:lists:compileOrangeGoogleDebugKotlin

> Task :feature:about:compileOrangeGoogleDebugKotlin
w: file:///home/nik/projects/pachli-android/feature/about/src/main/kotlin/app/pachli/feature/about/AboutActivity.kt:43:8 'class LibsBuilder : Serializable' is deprecated. The legacy view based UI will be deprecated in the future. Please consider moving to the compose based UI.
w: file:///home/nik/projects/pachli-android/feature/about/src/main/kotlin/app/pachli/feature/about/AboutActivity.kt:117:48 'constructor(): LibsBuilder' is deprecated. The legacy view based UI will be deprecated in the future. Please consider moving to the compose based UI.
w: file:///home/nik/projects/pachli-android/feature/about/src/main/kotlin/app/pachli/feature/about/NotificationLogFragment.kt:127:13 'fun startActivityForResult(p0: Intent, p1: Int): Unit' is deprecated. Deprecated in Java.
w: file:///home/nik/projects/pachli-android/feature/about/src/main/kotlin/app/pachli/feature/about/NotificationLogFragment.kt:202:18 This declaration overrides a deprecated member but is not marked as deprecated itself. Add the '@Deprecated' annotation or suppress the diagnostic.

> Task :feature:collections:compileOrangeGoogleDebugKotlin

> Task :feature:manageaccounts:compileOrangeGoogleDebugJavaWithJavac

> Task :feature:drafts:compileOrangeGoogleDebugJavaWithJavac

> Task :feature:manageaccounts:processOrangeGoogleDebugJavaRes
> Task :feature:manageaccounts:extractOrangeGoogleDebugAnnotations
> Task :feature:manageaccounts:mergeOrangeGoogleDebugJavaResource
> Task :feature:drafts:processOrangeGoogleDebugJavaRes
> Task :feature:manageaccounts:transformOrangeGoogleDebugClassesWithAsm
> Task :feature:manageaccounts:bundleLibCompileToJarOrangeGoogleDebug
> Task :feature:manageaccounts:mergeOrangeGoogleDebugGeneratedProguardFiles
> Task :feature:manageaccounts:bundleLibRuntimeToJarOrangeGoogleDebug
> Task :feature:manageaccounts:mergeOrangeGoogleDebugConsumerProguardFiles
> Task :feature:drafts:transformOrangeGoogleDebugClassesWithAsm
> Task :feature:drafts:extractOrangeGoogleDebugAnnotations
> Task :feature:manageaccounts:createFullJarOrangeGoogleDebug
> Task :feature:drafts:bundleLibCompileToJarOrangeGoogleDebug
> Task :feature:drafts:bundleLibRuntimeToJarOrangeGoogleDebug
> Task :feature:drafts:mergeOrangeGoogleDebugGeneratedProguardFiles
> Task :feature:drafts:createFullJarOrangeGoogleDebug
> Task :feature:drafts:mergeOrangeGoogleDebugConsumerProguardFiles
> Task :feature:drafts:mergeOrangeGoogleDebugJavaResource
> Task :feature:manageaccounts:syncOrangeGoogleDebugLibJars

> Task :feature:login:compileOrangeGoogleDebugJavaWithJavac

> Task :feature:manageaccounts:bundleOrangeGoogleDebugAar
> Task :feature:manageaccounts:assembleOrangeGoogleDebug
> Task :feature:drafts:syncOrangeGoogleDebugLibJars
> Task :feature:drafts:bundleOrangeGoogleDebugAar
> Task :feature:drafts:assembleOrangeGoogleDebug

> Task :feature:suggestions:compileOrangeGoogleDebugJavaWithJavac

> Task :feature:login:compileOrangeGoogleDebugJavaWithJavac

> Task :feature:login:processOrangeGoogleDebugJavaRes
> Task :feature:login:extractOrangeGoogleDebugAnnotations
> Task :feature:login:mergeOrangeGoogleDebugJavaResource

> Task :feature:intentrouter:compileOrangeGoogleDebugJavaWithJavac

> Task :feature:login:transformOrangeGoogleDebugClassesWithAsm
> Task :feature:login:bundleLibCompileToJarOrangeGoogleDebug
> Task :feature:login:mergeOrangeGoogleDebugGeneratedProguardFiles
> Task :feature:login:bundleLibRuntimeToJarOrangeGoogleDebug
> Task :feature:suggestions:processOrangeGoogleDebugJavaRes
> Task :feature:login:createFullJarOrangeGoogleDebug
> Task :feature:login:mergeOrangeGoogleDebugConsumerProguardFiles
> Task :feature:suggestions:extractOrangeGoogleDebugAnnotations
> Task :feature:suggestions:mergeOrangeGoogleDebugJavaResource
> Task :feature:login:syncOrangeGoogleDebugLibJars
> Task :feature:suggestions:transformOrangeGoogleDebugClassesWithAsm
> Task :feature:suggestions:mergeOrangeGoogleDebugGeneratedProguardFiles
> Task :feature:suggestions:bundleLibCompileToJarOrangeGoogleDebug
> Task :feature:suggestions:bundleLibRuntimeToJarOrangeGoogleDebug
> Task :feature:suggestions:mergeOrangeGoogleDebugConsumerProguardFiles
> Task :feature:suggestions:createFullJarOrangeGoogleDebug
> Task :feature:login:bundleOrangeGoogleDebugAar
> Task :feature:login:assembleOrangeGoogleDebug

> Task :feature:intentrouter:compileOrangeGoogleDebugJavaWithJavac

> Task :feature:suggestions:syncOrangeGoogleDebugLibJars
> Task :feature:intentrouter:processOrangeGoogleDebugJavaRes
> Task :feature:intentrouter:extractOrangeGoogleDebugAnnotations
> Task :feature:suggestions:bundleOrangeGoogleDebugAar
> Task :feature:suggestions:assembleOrangeGoogleDebug
> Task :feature:intentrouter:mergeOrangeGoogleDebugJavaResource
> Task :feature:intentrouter:transformOrangeGoogleDebugClassesWithAsm
> Task :feature:intentrouter:mergeOrangeGoogleDebugGeneratedProguardFiles
> Task :feature:intentrouter:bundleLibCompileToJarOrangeGoogleDebug
> Task :feature:intentrouter:mergeOrangeGoogleDebugConsumerProguardFiles
> Task :feature:intentrouter:bundleLibRuntimeToJarOrangeGoogleDebug
> Task :feature:intentrouter:syncOrangeGoogleDebugLibJars
> Task :feature:intentrouter:createFullJarOrangeGoogleDebug
> Task :feature:intentrouter:bundleOrangeGoogleDebugAar
> Task :feature:intentrouter:assembleOrangeGoogleDebug

> Task :feature:collections:compileOrangeGoogleDebugJavaWithJavac

> Task :feature:collections:processOrangeGoogleDebugJavaRes

> Task :feature:lists:compileOrangeGoogleDebugJavaWithJavac

> Task :feature:about:compileOrangeGoogleDebugJavaWithJavac

> Task :feature:collections:extractOrangeGoogleDebugAnnotations
> Task :feature:collections:mergeOrangeGoogleDebugJavaResource
> Task :app:dataBindingMergeDependencyArtifactsOrangeGoogleDebug
> Task :feature:lists:processOrangeGoogleDebugJavaRes
> Task :feature:collections:transformOrangeGoogleDebugClassesWithAsm
> Task :feature:about:processOrangeGoogleDebugJavaRes
> Task :feature:collections:mergeOrangeGoogleDebugGeneratedProguardFiles
> Task :feature:collections:bundleLibCompileToJarOrangeGoogleDebug
> Task :feature:collections:mergeOrangeGoogleDebugConsumerProguardFiles
> Task :feature:lists:extractOrangeGoogleDebugAnnotations
> Task :feature:collections:bundleLibRuntimeToJarOrangeGoogleDebug
> Task :feature:about:extractOrangeGoogleDebugAnnotations
> Task :feature:lists:mergeOrangeGoogleDebugJavaResource
> Task :feature:about:mergeOrangeGoogleDebugJavaResource
> Task :feature:collections:syncOrangeGoogleDebugLibJars
> Task :feature:lists:transformOrangeGoogleDebugClassesWithAsm
> Task :feature:collections:createFullJarOrangeGoogleDebug
> Task :feature:lists:mergeOrangeGoogleDebugGeneratedProguardFiles
> Task :feature:lists:bundleLibCompileToJarOrangeGoogleDebug

> Task :feature:lists:mergeOrangeGoogleDebugConsumerProguardFiles
Supplied consumer proguard configuration does not exist: /home/nik/projects/pachli-android/feature/lists/consumer-rules.pro

> Task :feature:lists:bundleLibRuntimeToJarOrangeGoogleDebug
> Task :feature:about:transformOrangeGoogleDebugClassesWithAsm
> Task :feature:collections:bundleOrangeGoogleDebugAar
> Task :feature:collections:assembleOrangeGoogleDebug
> Task :feature:about:mergeOrangeGoogleDebugGeneratedProguardFiles
> Task :feature:about:mergeOrangeGoogleDebugConsumerProguardFiles
> Task :feature:about:bundleLibRuntimeToJarOrangeGoogleDebug
> Task :feature:about:bundleLibCompileToJarOrangeGoogleDebug
> Task :feature:about:syncOrangeGoogleDebugLibJars
> Task :app:dataBindingGenBaseClassesOrangeGoogleDebug
> Task :feature:about:createFullJarOrangeGoogleDebug
> Task :feature:lists:syncOrangeGoogleDebugLibJars
> Task :feature:lists:createFullJarOrangeGoogleDebug
> Task :feature:about:bundleOrangeGoogleDebugAar
> Task :feature:about:assembleOrangeGoogleDebug
> Task :feature:lists:bundleOrangeGoogleDebugAar
> Task :feature:lists:assembleOrangeGoogleDebug
> Task :app:mergeLibDexOrangeGoogleDebug
> Task :app:kspOrangeGoogleDebugKotlin

> Task :app:compileOrangeGoogleDebugKotlin
w: file:///home/nik/projects/pachli-android/app/src/google/kotlin/app/pachli/InitGooglePlayServices.kt:27:28 'static fun useBackgroundThreadExecutorForBindService(): Boolean' is deprecated. Deprecated in Java.
w: file:///home/nik/projects/pachli-android/app/src/google/kotlin/app/pachli/InitGooglePlayServices.kt:28:28 'static fun useBackgroundThreadForConnectionCallback(): Unit' is deprecated. Deprecated in Java.
w: file:///home/nik/projects/pachli-android/app/src/google/kotlin/app/pachli/updatecheck/UpdateCheck.kt:41:22 'fun resume(value: Int?, onCancellation: ((Throwable) -> Unit)?): Unit' is deprecated. Use the overload that also accepts the `value` and the coroutine context in lambda.
w: file:///home/nik/projects/pachli-android/app/src/main/java/app/pachli/EditProfileActivity.kt:62:8 'class CropImageContract : ActivityResultContract<CropImageContractOptions, CropImageView.CropResult>' is deprecated. This ActivityResultContract is deprecated.
  Please either roll your own ActivityResultContract with the desired behavior or copy paste this.
w: file:///home/nik/projects/pachli-android/app/src/main/java/app/pachli/EditProfileActivity.kt:63:8 'data class CropImageContractOptions : Any' is deprecated. This ActivityResultContract is deprecated.
  Please either roll your own ActivityResultContract with the desired behavior or copy paste this.
w: file:///home/nik/projects/pachli-android/app/src/main/java/app/pachli/EditProfileActivity.kt:102:55 'constructor(): CropImageContract' is deprecated. This ActivityResultContract is deprecated.
  Please either roll your own ActivityResultContract with the desired behavior or copy paste this.
w: file:///home/nik/projects/pachli-android/app/src/main/java/app/pachli/EditProfileActivity.kt:307:21 'constructor(uri: Uri?, cropImageOptions: CropImageOptions): CropImageContractOptions' is deprecated. This ActivityResultContract is deprecated.
  Please either roll your own ActivityResultContract with the desired behavior or copy paste this.
w: file:///home/nik/projects/pachli-android/app/src/main/java/app/pachli/EditProfileActivity.kt:326:21 'constructor(uri: Uri?, cropImageOptions: CropImageOptions): CropImageContractOptions' is deprecated. This ActivityResultContract is deprecated.
  Please either roll your own ActivityResultContract with the desired behavior or copy paste this.
w: file:///home/nik/projects/pachli-android/app/src/main/java/app/pachli/MainActivity.kt:647:40 Return in function with expression body and without explicit return type. Use block body '{...}' or add an explicit return type. This will become an error in language version 2.4. See https://youtrack.jetbrains.com/issue/KTLC-288.
w: file:///home/nik/projects/pachli-android/app/src/main/java/app/pachli/MainActivity.kt:652:13 Return in function with expression body and without explicit return type. Use block body '{...}' or add an explicit return type. This will become an error in language version 2.4. See https://youtrack.jetbrains.com/issue/KTLC-288.
w: file:///home/nik/projects/pachli-android/app/src/main/java/app/pachli/MainActivity.kt:688:43 Return in function with expression body and without explicit return type. Use block body '{...}' or add an explicit return type. This will become an error in language version 2.4. See https://youtrack.jetbrains.com/issue/KTLC-288.
w: file:///home/nik/projects/pachli-android/app/src/main/java/app/pachli/MainActivity.kt:692:13 Return in function with expression body and without explicit return type. Use block body '{...}' or add an explicit return type. This will become an error in language version 2.4. See https://youtrack.jetbrains.com/issue/KTLC-288.
w: file:///home/nik/projects/pachli-android/app/src/main/java/app/pachli/TabPreferenceActivity.kt:125:38 'val activeAccount: PachliAccountEntity?' is deprecated. Caller should use getPachliAccountFlow with a specific account ID.
w: file:///home/nik/projects/pachli-android/app/src/main/java/app/pachli/TabPreferenceActivity.kt:125:116 'val activeAccount: PachliAccountEntity?' is deprecated. Caller should use getPachliAccountFlow with a specific account ID.
w: file:///home/nik/projects/pachli-android/app/src/main/java/app/pachli/TabPreferenceActivity.kt:226:32 The corresponding parameter in the supertype 'ItemInteractionListener' is named 'timelineHashtags'. This may cause problems when calling this function with named arguments.
w: file:///home/nik/projects/pachli-android/app/src/main/java/app/pachli/TabPreferenceActivity.kt:426:24 'val activeAccount: PachliAccountEntity?' is deprecated. Caller should use getPachliAccountFlow with a specific account ID.
w: file:///home/nik/projects/pachli-android/app/src/main/java/app/pachli/TimelineActivity.kt:174:42 'val activeAccount: PachliAccountEntity?' is deprecated. Caller should use getPachliAccountFlow with a specific account ID.
w: file:///home/nik/projects/pachli-android/app/src/main/java/app/pachli/TimelineActivity.kt:208:24 'val activeAccount: PachliAccountEntity?' is deprecated. Caller should use getPachliAccountFlow with a specific account ID.
w: file:///home/nik/projects/pachli-android/app/src/main/java/app/pachli/ViewMediaActivity.kt:240:40 'fun getColor(p0: Int): Int' is deprecated. Deprecated in Java.
w: file:///home/nik/projects/pachli-android/app/src/main/java/app/pachli/ViewMediaActivity.kt:303:32 'val activeAccount: PachliAccountEntity?' is deprecated. Caller should use getPachliAccountFlow with a specific account ID.
w: file:///home/nik/projects/pachli-android/app/src/main/java/app/pachli/adapter/ReportNotificationViewHolder.kt:79:53 'val displayName: String' is deprecated. prefer the `name` property, which is not empty.
w: file:///home/nik/projects/pachli-android/app/src/main/java/app/pachli/appstore/CacheUpdater.kt:30:48 'val activeAccount: PachliAccountEntity?' is deprecated. Caller should use getPachliAccountFlow with a specific account ID.
w: file:///home/nik/projects/pachli-android/app/src/main/java/app/pachli/components/account/AccountActivity.kt:999:50 'val activePachliAccount: PachliAccount' is deprecated. Caller should use getPachliAccountFlow with a specific account ID.
w: file:///home/nik/projects/pachli-android/app/src/main/java/app/pachli/components/account/AccountActivity.kt:1030:37 The corresponding parameter in the supertype 'BaseActivity' is named 'menuItem'. This may cause problems when calling this function with named arguments.
w: file:///home/nik/projects/pachli-android/app/src/main/java/app/pachli/components/account/AccountActivity.kt:1118:41 'val activeAccount: PachliAccountEntity?' is deprecated. Caller should use getPachliAccountFlow with a specific account ID.
w: file:///home/nik/projects/pachli-android/app/src/main/java/app/pachli/components/account/media/AccountMediaGridAdapter.kt:60:41 Return in function with expression body and without explicit return type. Use block body '{...}' or add an explicit return type. This will become an error in language version 2.4. See https://youtrack.jetbrains.com/issue/KTLC-288.
w: file:///home/nik/projects/pachli-android/app/src/main/java/app/pachli/components/accountlist/AccountListFragment.kt:116:57 'fun getSerializable(p0: String?): Serializable?' is deprecated. Deprecated in Java.
w: file:///home/nik/projects/pachli-android/app/src/main/java/app/pachli/components/accountlist/AccountListFragment.kt:154:44 'val activeAccount: PachliAccountEntity?' is deprecated. Caller should use getPachliAccountFlow with a specific account ID.
w: file:///home/nik/projects/pachli-android/app/src/main/java/app/pachli/components/announcements/AnnouncementsViewModel.kt:80:86 'val activeAccount: PachliAccountEntity?' is deprecated. Caller should use getPachliAccountFlow with a specific account ID.
w: file:///home/nik/projects/pachli-android/app/src/main/java/app/pachli/components/compose/ComposeActivity.kt:22:8 'class ProgressDialog : AlertDialog' is deprecated. Deprecated in Java.
w: file:///home/nik/projects/pachli-android/app/src/main/java/app/pachli/components/compose/ComposeActivity.kt:126:8 'class CropImageContract : ActivityResultContract<CropImageContractOptions, CropImageView.CropResult>' is deprecated. This ActivityResultContract is deprecated.
  Please either roll your own ActivityResultContract with the desired behavior or copy paste this.
w: file:///home/nik/projects/pachli-android/app/src/main/java/app/pachli/components/compose/ComposeActivity.kt:127:8 'data class CropImageContractOptions : Any' is deprecated. This ActivityResultContract is deprecated.
  Please either roll your own ActivityResultContract with the desired behavior or copy paste this.
w: file:///home/nik/projects/pachli-android/app/src/main/java/app/pachli/components/compose/ComposeActivity.kt:299:55 'constructor(): CropImageContract' is deprecated. This ActivityResultContract is deprecated.
  Please either roll your own ActivityResultContract with the desired behavior or copy paste this.
w: file:///home/nik/projects/pachli-android/app/src/main/java/app/pachli/components/compose/ComposeActivity.kt:410:44 'constructor(p0: String!): ActivityManager.TaskDescription' is deprecated. Deprecated in Java.
w: file:///home/nik/projects/pachli-android/app/src/main/java/app/pachli/components/compose/ComposeActivity.kt:472:25 'fun getSerializable(p0: String?): Serializable?' is deprecated. Deprecated in Java.
w: file:///home/nik/projects/pachli-android/app/src/main/java/app/pachli/components/compose/ComposeActivity.kt:476:25 'fun getSerializable(p0: String?): Serializable?' is deprecated. Deprecated in Java.
w: file:///home/nik/projects/pachli-android/app/src/main/java/app/pachli/components/compose/ComposeActivity.kt:484:25 'fun getSerializable(p0: String?): Serializable?' is deprecated. Deprecated in Java.
w: file:///home/nik/projects/pachli-android/app/src/main/java/app/pachli/components/compose/ComposeActivity.kt:618:57 'constructor(p0: String!): ActivityManager.TaskDescription' is deprecated. Deprecated in Java.
w: file:///home/nik/projects/pachli-android/app/src/main/java/app/pachli/components/compose/ComposeActivity.kt:1013:13 Return in function with expression body and without explicit return type. Use block body '{...}' or add an explicit return type. This will become an error in language version 2.4. See https://youtrack.jetbrains.com/issue/KTLC-288.
w: file:///home/nik/projects/pachli-android/app/src/main/java/app/pachli/components/compose/ComposeActivity.kt:1639:13 'constructor(uri: Uri?, cropImageOptions: CropImageOptions): CropImageContractOptions' is deprecated. This ActivityResultContract is deprecated.
  Please either roll your own ActivityResultContract with the desired behavior or copy paste this.
w: file:///home/nik/projects/pachli-android/app/src/main/java/app/pachli/components/compose/ComposeActivity.kt:1820:17 'class ProgressDialog : AlertDialog' is deprecated. Deprecated in Java.
w: file:///home/nik/projects/pachli-android/app/src/main/java/app/pachli/components/compose/ComposeActivity.kt:1820:32 'static fun show(p0: Context!, p1: CharSequence!, p2: CharSequence!, p3: Boolean, p4: Boolean): ProgressDialog!' is deprecated. Deprecated in Java.
w: file:///home/nik/projects/pachli-android/app/src/main/java/app/pachli/components/compose/ComposeAutoCompleteAdapter.kt:89:49 Unchecked cast of 'Any!' to 'List<ComposeAutoCompleteAdapter.AutocompleteResult>'.
w: file:///home/nik/projects/pachli-android/app/src/main/java/app/pachli/components/compose/ComposeTokenizer.kt:107:73 This class is not recommended for use in Kotlin. Use 'kotlin.Any' instead.
w: file:///home/nik/projects/pachli-android/app/src/main/java/app/pachli/components/compose/dialog/FocusDialog.kt:96:36 'static field SOFT_INPUT_ADJUST_RESIZE: Int' is deprecated. Deprecated in Java.
w: file:///home/nik/projects/pachli-android/app/src/main/java/app/pachli/components/conversation/ConversationsFragment.kt:476:13 Check for instance is always 'false'.
w: file:///home/nik/projects/pachli-android/app/src/main/java/app/pachli/components/conversation/ConversationsFragment.kt:498:46 'val activeAccount: PachliAccountEntity?' is deprecated. Caller should use getPachliAccountFlow with a specific account ID.
w: file:///home/nik/projects/pachli-android/app/src/main/java/app/pachli/components/conversation/ConversationsFragment.kt:515:36 'val activeAccount: PachliAccountEntity?' is deprecated. Caller should use getPachliAccountFlow with a specific account ID.
w: file:///home/nik/projects/pachli-android/app/src/main/java/app/pachli/components/notifications/NotificationsPagingAdapter.kt:319:21 Unchecked cast of 'RecyclerView.ViewHolder' to 'NotificationsPagingAdapter.ViewHolder<NotificationViewData>'.
w: file:///home/nik/projects/pachli-android/app/src/main/java/app/pachli/components/notifications/PushNotificationHelper.kt:46:82 'val activeAccount: PachliAccountEntity?' is deprecated. Caller should use getPachliAccountFlow with a specific account ID.
w: file:///home/nik/projects/pachli-android/app/src/main/java/app/pachli/components/preference/AccountPreferencesFragment.kt:139:32 'val activePachliAccountFlow: SharedFlow<PachliAccount>' is deprecated. Caller should use getPachliAccountFlow with a specific account ID.
w: file:///home/nik/projects/pachli-android/app/src/main/java/app/pachli/components/preference/AccountPreferencesFragment.kt:228:107 'val activeAccount: PachliAccountEntity?' is deprecated. Caller should use getPachliAccountFlow with a specific account ID.
w: file:///home/nik/projects/pachli-android/app/src/main/java/app/pachli/components/preference/AccountPreferencesFragment.kt:280:53 'val activeAccount: PachliAccountEntity?' is deprecated. Caller should use getPachliAccountFlow with a specific account ID.
w: file:///home/nik/projects/pachli-android/app/src/main/java/app/pachli/components/preference/AccountPreferencesFragment.kt:291:90 'val activeAccount: PachliAccountEntity?' is deprecated. Caller should use getPachliAccountFlow with a specific account ID.
w: file:///home/nik/projects/pachli-android/app/src/main/java/app/pachli/components/preference/AccountPreferencesFragment.kt:303:44 'val activeAccount: PachliAccountEntity?' is deprecated. Caller should use getPachliAccountFlow with a specific account ID.
w: file:///home/nik/projects/pachli-android/app/src/main/java/app/pachli/components/preference/AccountPreferencesFragment.kt:318:54 'val activeAccount: PachliAccountEntity?' is deprecated. Caller should use getPachliAccountFlow with a specific account ID.
w: file:///home/nik/projects/pachli-android/app/src/main/java/app/pachli/components/preference/AccountPreferencesFragment.kt:332:55 'val activeAccount: PachliAccountEntity?' is deprecated. Caller should use getPachliAccountFlow with a specific account ID.
w: file:///home/nik/projects/pachli-android/app/src/main/java/app/pachli/components/preference/AccountPreferencesFragment.kt:413:36 'val activeAccount: PachliAccountEntity?' is deprecated. Caller should use getPachliAccountFlow with a specific account ID.
w: file:///home/nik/projects/pachli-android/app/src/main/java/app/pachli/components/preference/NotificationPreferencesFragment.kt:47:44 'val activeAccount: PachliAccountEntity?' is deprecated. Caller should use getPachliAccountFlow with a specific account ID.
w: file:///home/nik/projects/pachli-android/app/src/main/java/app/pachli/components/preference/PreferencesActivity.kt:152:18 'fun setTargetFragment(p0: Fragment?, p1: Int): Unit' is deprecated. Deprecated in Java.
w: file:///home/nik/projects/pachli-android/app/src/main/java/app/pachli/components/preference/PreferencesFragment.kt:606:22 'fun setTargetFragment(p0: Fragment?, p1: Int): Unit' is deprecated. Deprecated in Java.
w: file:///home/nik/projects/pachli-android/app/src/main/java/app/pachli/components/preference/PreferencesFragment.kt:612:22 'fun setTargetFragment(p0: Fragment?, p1: Int): Unit' is deprecated. Deprecated in Java.
w: file:///home/nik/projects/pachli-android/app/src/main/java/app/pachli/components/preference/TranslationBackendDialogFragment.kt:59:47 Unchecked cast of 'DialogPreference!' to 'EnumListPreference<TranslationBackend>'.
w: file:///home/nik/projects/pachli-android/app/src/main/java/app/pachli/components/preference/TranslationBackendDialogFragment.kt:60:51 Unchecked cast of 'DialogPreference!' to 'EnumListPreference<TranslationBackend>'.
w: file:///home/nik/projects/pachli-android/app/src/main/java/app/pachli/components/preference/TranslationBackendDialogFragment.kt:73:41 Unchecked cast of 'DialogPreference!' to 'EnumListPreference<TranslationBackend>'.
w: file:///home/nik/projects/pachli-android/app/src/main/java/app/pachli/components/scheduled/ScheduledStatusActivity.kt:83:42 'val activeAccount: PachliAccountEntity?' is deprecated. Caller should use getPachliAccountFlow with a specific account ID.
w: file:///home/nik/projects/pachli-android/app/src/main/java/app/pachli/components/scheduled/ScheduledStatusActivity.kt:102:24 'val activeAccount: PachliAccountEntity?' is deprecated. Caller should use getPachliAccountFlow with a specific account ID.
w: file:///home/nik/projects/pachli-android/app/src/main/java/app/pachli/components/search/fragments/SearchStatusesFragment.kt:272:37 The corresponding parameter in the supertype 'StatusActionListener' is named 'viewData'. This may cause problems when calling this function with named arguments.
w: file:///home/nik/projects/pachli-android/app/src/main/java/app/pachli/components/timeline/TimelinePagingAdapter.kt:77:25 Unchecked cast of 'RecyclerView.ViewHolder' to 'StatusViewHolder<StatusItemViewData>'.
w: file:///home/nik/projects/pachli-android/app/src/main/java/app/pachli/components/timeline/viewmodel/CachedTimelineViewModel.kt:114:37 The corresponding parameter in the supertype 'TimelineViewModel' is named 'id'. This may cause problems when calling this function with named arguments.
w: file:///home/nik/projects/pachli-android/app/src/main/java/app/pachli/components/trending/TrendingActivity.kt:133:42 'val activeAccount: PachliAccountEntity?' is deprecated. Caller should use getPachliAccountFlow with a specific account ID.
w: file:///home/nik/projects/pachli-android/app/src/main/java/app/pachli/components/trending/TrendingActivity.kt:142:28 'val activeAccount: PachliAccountEntity?' is deprecated. Caller should use getPachliAccountFlow with a specific account ID.
w: file:///home/nik/projects/pachli-android/app/src/main/java/app/pachli/components/trending/viewmodel/TrendingTagsViewModel.kt:69:24 'val activePachliAccountFlow: SharedFlow<PachliAccount>' is deprecated. Caller should use getPachliAccountFlow with a specific account ID.
w: file:///home/nik/projects/pachli-android/app/src/main/java/app/pachli/components/viewthread/ViewThreadFragment.kt:488:36 'val activeAccount: PachliAccountEntity?' is deprecated. Caller should use getPachliAccountFlow with a specific account ID.
w: file:///home/nik/projects/pachli-android/app/src/main/java/app/pachli/components/viewthread/ViewThreadViewModel.kt:113:28 'val activePachliAccountFlow: SharedFlow<PachliAccount>' is deprecated. Caller should use getPachliAccountFlow with a specific account ID.
w: file:///home/nik/projects/pachli-android/app/src/main/java/app/pachli/components/viewthread/ViewThreadViewModel.kt:130:28 'val activePachliAccountFlow: SharedFlow<PachliAccount>' is deprecated. Caller should use getPachliAccountFlow with a specific account ID.
w: file:///home/nik/projects/pachli-android/app/src/main/java/app/pachli/components/viewthread/ViewThreadViewModel.kt:146:42 'val activePachliAccountFlow: SharedFlow<PachliAccount>' is deprecated. Caller should use getPachliAccountFlow with a specific account ID.
w: file:///home/nik/projects/pachli-android/app/src/main/java/app/pachli/components/viewthread/edits/ViewEditsViewModel.kt:107:27 'static fun setXMLReaderClass(p0: String): Unit' is deprecated. Deprecated in Java.
w: file:///home/nik/projects/pachli-android/app/src/main/java/app/pachli/fragment/SFragment.kt:154:59 'val activeAccount: PachliAccountEntity?' is deprecated. Caller should use getPachliAccountFlow with a specific account ID.
w: file:///home/nik/projects/pachli-android/app/src/main/java/app/pachli/fragment/SFragment.kt:167:59 'val activeAccount: PachliAccountEntity?' is deprecated. Caller should use getPachliAccountFlow with a specific account ID.
w: file:///home/nik/projects/pachli-android/app/src/main/java/app/pachli/fragment/SFragment.kt:184:44 'val activeAccount: PachliAccountEntity?' is deprecated. Caller should use getPachliAccountFlow with a specific account ID.
w: file:///home/nik/projects/pachli-android/app/src/main/java/app/pachli/fragment/SFragment.kt:608:36 'val activeAccount: PachliAccountEntity?' is deprecated. Caller should use getPachliAccountFlow with a specific account ID.
w: file:///home/nik/projects/pachli-android/app/src/main/java/app/pachli/fragment/ViewImageFragment.kt:232:14 'var userVisibleHint: Boolean' is deprecated. Deprecated in Java.
w: file:///home/nik/projects/pachli-android/app/src/main/java/app/pachli/fragment/ViewVideoFragment.kt:474:14 'var userVisibleHint: Boolean' is deprecated. Deprecated in Java.
w: file:///home/nik/projects/pachli-android/app/src/main/java/app/pachli/receiver/SendStatusBroadcastReceiver.kt:77:28 'fun <T : Parcelable!> getParcelableExtra(p0: String!): T?' is deprecated. Deprecated in Java.
w: file:///home/nik/projects/pachli-android/app/src/main/java/app/pachli/service/UnifiedPushService.kt:75:13 This is a delicate API and its use requires care. Make sure you fully read and understand documentation of the declaration that is marked as a delicate API.
w: file:///home/nik/projects/pachli-android/app/src/main/java/app/pachli/service/UnifiedPushService.kt:89:13 This is a delicate API and its use requires care. Make sure you fully read and understand documentation of the declaration that is marked as a delicate API.
w: file:///home/nik/projects/pachli-android/app/src/main/java/app/pachli/util/DateExtensions.kt:13:17 'var minutes: Int' is deprecated. Deprecated in Java.
w: file:///home/nik/projects/pachli-android/app/src/main/java/app/pachli/util/DateExtensions.kt:13:34 'var minutes: Int' is deprecated. Deprecated in Java.
w: file:///home/nik/projects/pachli-android/app/src/main/java/app/pachli/util/DateExtensions.kt:14:14 'var hours: Int' is deprecated. Deprecated in Java.
w: file:///home/nik/projects/pachli-android/app/src/main/java/app/pachli/util/DateExtensions.kt:14:29 'var hours: Int' is deprecated. Deprecated in Java.
w: file:///home/nik/projects/pachli-android/app/src/main/java/app/pachli/util/DateExtensions.kt:15:14 'var date: Int' is deprecated. Deprecated in Java.
w: file:///home/nik/projects/pachli-android/app/src/main/java/app/pachli/util/DateExtensions.kt:15:28 'var date: Int' is deprecated. Deprecated in Java.
w: file:///home/nik/projects/pachli-android/app/src/main/java/app/pachli/util/DateExtensions.kt:16:14 'var month: Int' is deprecated. Deprecated in Java.
w: file:///home/nik/projects/pachli-android/app/src/main/java/app/pachli/util/DateExtensions.kt:16:29 'var month: Int' is deprecated. Deprecated in Java.
w: file:///home/nik/projects/pachli-android/app/src/main/java/app/pachli/util/DateExtensions.kt:17:14 'var year: Int' is deprecated. Deprecated in Java.
w: file:///home/nik/projects/pachli-android/app/src/main/java/app/pachli/util/DateExtensions.kt:17:28 'var year: Int' is deprecated. Deprecated in Java.
w: file:///home/nik/projects/pachli-android/app/src/main/java/app/pachli/util/ListStatusAccessibilityDelegate.kt:224:72 Unchecked cast of 'RecyclerView.ViewHolder!' to 'StatusBaseViewHolder<IStatusViewData>'.
w: file:///home/nik/projects/pachli-android/app/src/main/java/app/pachli/util/LocaleUtils.kt:48:32 'constructor(p0: String!): Locale' is deprecated. Deprecated in Java.
w: file:///home/nik/projects/pachli-android/app/src/main/java/app/pachli/util/PickMediaFiles.kt:26:49 The corresponding parameter in the supertype 'ActivityResultContract' is named 'input'. This may cause problems when calling this function with named arguments.
w: file:///home/nik/projects/pachli-android/app/src/main/java/app/pachli/util/ThemeUtils.kt:42:14 'fun setColorFilter(p0: Int, p1: PorterDuff.Mode): Unit' is deprecated. Deprecated in Java.
w: file:///home/nik/projects/pachli-android/app/src/main/java/app/pachli/util/ThemeUtils.kt:55:31 'static field MODE_NIGHT_AUTO_TIME: Int' is deprecated. Deprecated in Java.

> Task :app:compileOrangeGoogleDebugJavaWithJavac

> Task :app:hiltAggregateDepsOrangeGoogleDebug
> Task :app:hiltJavaCompileOrangeGoogleDebug
> Task :app:processOrangeGoogleDebugJavaRes
> Task :app:transformOrangeGoogleDebugClassesWithAsm
> Task :app:mergeOrangeGoogleDebugJavaResource
> Task :app:dexBuilderOrangeGoogleDebug
> Task :app:mergeOrangeGoogleDebugGlobalSynthetics
> Task :app:mergeProjectDexOrangeGoogleDebug
> Task :app:packageOrangeGoogleDebug
> Task :app:createOrangeGoogleDebugApkListingFileRedirect
> Task :app:assembleOrangeGoogleDebug

[Incubating] Problems report is available at: file:///home/nik/projects/pachli-android/build/reports/problems/problems-report.html

Deprecated Gradle features were used in this build, making it incompatible with Gradle 9.0.

You can use '--warning-mode all' to show the individual deprecation warnings and determine if they come from your own scripts or plugins.

For more on this, please refer to https://docs.gradle.org/8.14.4/userguide/command_line_interface.html#sec:command_line_warnings in the Gradle documentation.

BUILD SUCCESSFUL in 2m 15s
964 actionable tasks: 964 executed
